customer_id,signup_date,customer_segment,region,account_age_days,acquisition_channel,transaction_count,total_transaction_amount,average_transaction_amount,failed_transaction_count,fraud_label,support_ticket_count,average_resolution_time_hours,complaint_count,satisfaction_score,login_count_30d,days_since_last_login,session_count_30d,activity_decline_score,experiment_group,treatment_flag,pre_post_period,intervention_exposed,conversion_flag,retention_flag,churn_label,anomaly_label,risk_score_proxy
CUST-000001,2025-07-09,small_business,north_america,176,organic,6,748.01,124.67,3,0,1,13.29,0,3.93,10,2.7,13,0.074,control,0,post,0,0,1,0,0,0.0917
CUST-000002,2022-02-16,small_business,north_america,1415,organic,5,364.39,72.88,3,0,1,5.96,0,4.01,8,5.7,17,0.184,control,0,pre,0,0,1,0,0,0.1092
CUST-000003,2022-09-20,consumer,north_america,1199,organic,4,142.22,35.56,0,0,1,31.99,1,2.75,14,15.0,19,0.266,control,0,pre,0,0,1,0,0,0.1006
CUST-000004,2023-10-15,consumer,europe,809,partner,3,62.79,20.93,3,0,1,8.79,0,4.8,13,4.7,19,0.125,treatment,1,post,1,0,1,0,0,0.077
CUST-000005,2023-10-26,consumer,europe,798,organic,5,219.49,43.9,1,0,0,0.0,0,4.31,8,12.9,15,0.323,treatment,1,pre,0,0,1,0,0,0.1121
CUST-000006,2021-09-15,small_business,north_america,1569,referral,6,354.98,59.16,1,0,0,0.0,0,4.72,8,4.9,12,0.056,treatment,1,pre,0,0,1,0,0,0.0425
CUST-000007,2025-07-15,small_business,north_america,170,referral,4,491.38,122.84,1,0,4,11.15,1,4.07,10,10.2,18,0.024,control,0,post,0,1,1,0,0,0.0653
CUST-000008,2022-07-04,consumer,latin_america,1277,referral,5,150.86,30.17,2,0,0,0.0,0,4.66,11,1.7,13,0.149,treatment,1,post,1,0,1,0,0,0.0666
CUST-000009,2024-12-18,consumer,north_america,379,paid_search,3,164.05,54.68,2,0,2,3.58,0,4.61,11,12.5,20,0.0,control,0,post,0,0,0,0,0,0.0445
CUST-000010,2025-06-30,consumer,europe,185,direct,4,80.45,20.11,2,1,2,10.48,1,4.02,13,11.2,19,0.201,control,0,post,0,0,1,0,0,0.3282
CUST-000011,2023-05-10,consumer,europe,967,organic,6,274.39,45.73,2,0,0,0.0,0,4.65,11,3.0,21,0.031,control,0,post,0,1,1,0,0,0.0526
CUST-000012,2021-02-16,small_business,north_america,1780,paid_search,1,66.8,66.8,0,0,1,1.31,0,4.3,8,6.8,16,0.227,treatment,1,pre,0,1,1,0,0,0.0704
CUST-000013,2022-04-26,consumer,north_america,1346,paid_search,1,35.6,35.6,0,0,3,18.86,0,3.83,15,16.2,20,0.179,treatment,1,post,1,0,1,0,0,0.0411
CUST-000014,2022-03-11,consumer,north_america,1392,direct,1,33.91,33.91,2,0,0,0.0,0,4.56,12,10.0,14,0.194,treatment,1,pre,0,0,1,0,0,0.0951
CUST-000015,2022-05-29,enterprise,asia_pacific,1313,partner,9,3249.45,361.05,4,1,1,12.66,0,4.24,16,4.8,18,0.096,treatment,1,pre,0,0,1,0,1,0.4829
CUST-000016,2022-01-25,consumer,north_america,1437,referral,6,236.66,39.44,2,0,2,21.6,1,3.76,11,11.2,18,0.407,control,0,post,0,0,1,0,0,0.1707
CUST-000017,2023-06-03,consumer,north_america,943,organic,3,208.99,69.66,1,0,1,22.65,1,3.97,16,22.9,24,0.393,control,0,pre,0,0,1,0,0,0.184
CUST-000018,2025-04-30,consumer,north_america,246,direct,9,631.14,70.13,5,1,2,63.85,0,3.12,13,2.3,16,0.146,treatment,1,pre,0,0,1,0,1,0.5238
CUST-000019,2021-10-20,consumer,north_america,1534,paid_search,4,221.92,55.48,1,0,1,3.4,0,4.23,9,12.2,16,0.134,treatment,1,pre,0,0,1,0,0,0.0628
CUST-000020,2023-09-24,consumer,europe,830,paid_search,2,100.25,50.12,1,0,1,35.2,0,2.96,16,9.7,22,0.243,treatment,1,post,1,0,1,0,0,0.0744
CUST-000021,2023-06-26,consumer,north_america,920,direct,4,266.55,66.64,2,1,0,0.0,0,4.33,13,2.7,17,0.064,control,0,post,0,1,1,0,0,0.2612
CUST-000022,2024-02-15,consumer,europe,686,paid_search,5,201.29,40.26,5,0,1,16.46,0,3.72,14,10.0,18,0.189,treatment,1,pre,0,0,1,0,0,0.1438
CUST-000023,2025-01-21,consumer,europe,345,paid_search,2,46.65,23.32,1,0,1,5.37,0,4.21,12,5.1,18,0.108,control,0,pre,0,0,1,0,0,0.0672
CUST-000024,2021-05-15,consumer,asia_pacific,1692,partner,2,37.97,18.98,1,0,1,9.3,0,4.45,19,6.3,28,0.242,control,0,post,0,0,1,0,0,0.091
CUST-000025,2022-02-02,small_business,north_america,1429,organic,4,576.13,144.03,1,0,4,8.26,0,4.42,15,11.2,22,0.207,control,0,post,0,0,1,0,0,0.0819
CUST-000026,2022-10-09,consumer,asia_pacific,1180,paid_search,1,26.51,26.51,2,0,0,0.0,0,5.0,16,10.9,20,0.119,control,0,pre,0,1,1,0,0,0.0756
CUST-000027,2023-12-20,consumer,europe,743,organic,3,86.1,28.7,0,0,0,0.0,0,4.77,15,10.8,21,0.13,treatment,1,pre,0,0,1,0,0,0.0451
CUST-000028,2021-11-19,consumer,north_america,1504,organic,4,319.33,79.83,2,0,2,30.82,2,3.6,17,30.8,20,0.579,treatment,1,post,1,1,0,0,0,0.2803
CUST-000029,2023-04-05,small_business,asia_pacific,1002,referral,1,117.04,117.04,1,1,1,42.0,0,3.8,11,7.1,20,0.153,control,0,pre,0,0,1,0,0,0.2678
CUST-000030,2023-10-07,small_business,asia_pacific,817,partner,3,100.07,33.36,3,1,1,9.36,0,4.75,10,3.3,15,0.0,control,0,post,0,0,1,0,0,0.2612
CUST-000031,2023-09-24,consumer,north_america,830,paid_search,4,156.54,39.14,1,0,0,0.0,0,4.47,7,12.3,12,0.396,treatment,1,pre,0,0,1,0,0,0.1311
CUST-000032,2024-11-01,consumer,asia_pacific,426,paid_search,8,623.2,77.9,1,0,1,6.32,1,3.62,11,9.7,18,0.074,control,0,post,0,1,1,0,0,0.0672
CUST-000033,2025-07-04,consumer,europe,181,paid_search,6,319.84,53.31,5,0,3,26.38,1,3.33,14,5.3,17,0.124,control,0,post,0,0,1,0,0,0.1581
CUST-000034,2023-03-20,consumer,europe,1018,partner,1,52.45,52.45,0,0,1,17.23,0,4.17,11,5.1,16,0.02,control,0,post,0,1,1,0,0,0.0164
CUST-000035,2021-07-24,consumer,latin_america,1622,direct,5,421.44,84.29,3,0,0,0.0,0,4.38,18,18.5,23,0.286,treatment,1,post,1,0,1,0,0,0.119
CUST-000036,2025-08-24,consumer,north_america,130,direct,3,107.92,35.97,1,0,1,3.19,0,4.17,12,1.2,14,0.0,treatment,1,pre,0,0,1,0,0,0.0391
CUST-000037,2021-09-16,consumer,asia_pacific,1568,paid_search,5,85.52,17.1,2,0,2,14.76,0,4.38,8,9.5,11,0.38,control,0,pre,0,0,1,0,0,0.1436
CUST-000038,2021-11-10,consumer,north_america,1513,paid_search,4,425.87,106.47,2,0,0,0.0,0,4.25,16,4.9,19,0.114,treatment,1,post,1,0,1,0,0,0.0575
CUST-000039,2024-08-04,consumer,asia_pacific,515,paid_search,3,170.36,56.79,1,0,2,2.26,1,3.56,7,10.4,12,0.425,treatment,1,post,1,0,1,1,0,0.1419
CUST-000040,2022-10-31,consumer,europe,1158,partner,2,60.01,30.01,0,0,0,0.0,0,4.21,12,4.3,19,0.304,control,0,post,0,0,1,0,0,0.0905
CUST-000041,2025-02-21,small_business,north_america,314,paid_search,3,509.69,169.9,3,0,1,14.5,0,4.16,14,10.6,17,0.181,treatment,1,pre,0,0,1,0,0,0.1196
CUST-000042,2022-03-16,consumer,north_america,1387,partner,5,541.02,108.2,6,1,2,39.59,2,2.36,10,15.6,15,0.38,control,0,post,0,0,1,1,1,0.6583
CUST-000043,2022-06-29,enterprise,north_america,1282,paid_search,6,1763.39,293.9,4,1,3,28.28,0,3.81,20,5.4,24,0.035,treatment,1,pre,0,0,0,0,1,0.467
CUST-000044,2024-03-16,consumer,north_america,656,paid_search,7,489.3,69.9,3,1,2,11.1,1,4.08,7,6.1,9,0.352,treatment,1,pre,0,0,1,0,0,0.373
CUST-000045,2025-08-17,small_business,north_america,137,paid_search,8,896.97,112.12,6,0,1,9.83,0,4.56,13,10.3,17,0.108,control,0,pre,0,0,1,0,1,0.3306
CUST-000046,2021-02-25,enterprise,north_america,1771,paid_search,3,640.26,213.42,2,0,3,7.2,0,4.19,17,13.0,21,0.216,treatment,1,post,1,0,1,0,0,0.0841
CUST-000047,2023-10-03,enterprise,north_america,821,organic,3,592.94,197.65,2,0,1,6.58,0,3.98,15,27.2,15,0.497,treatment,1,post,1,0,1,1,0,0.191
CUST-000048,2021-07-15,small_business,north_america,1631,organic,4,418.96,104.74,2,0,1,10.41,1,3.69,13,6.2,19,0.159,control,0,post,0,0,1,0,0,0.106
CUST-000049,2022-08-08,small_business,europe,1242,partner,4,527.08,131.77,0,0,0,0.0,0,4.83,9,6.1,12,0.05,treatment,1,post,1,0,1,0,0,0.0108
CUST-000050,2022-02-08,small_business,europe,1423,paid_search,7,1392.93,198.99,1,0,0,0.0,0,4.91,8,3.5,15,0.089,treatment,1,pre,0,1,1,0,0,0.0511
CUST-000051,2022-03-13,small_business,europe,1390,organic,6,610.01,101.67,4,0,1,12.9,0,4.4,12,0.8,21,0.063,treatment,1,pre,0,0,1,0,0,0.0943
CUST-000052,2024-12-30,consumer,north_america,367,partner,7,347.67,49.67,1,0,2,4.49,2,4.01,13,15.7,22,0.232,treatment,1,pre,0,0,1,0,0,0.1564
CUST-000053,2024-02-28,consumer,asia_pacific,673,referral,4,260.02,65.0,2,1,2,19.38,0,4.72,8,7.3,14,0.11,control,0,pre,0,1,1,0,0,0.2732
CUST-000054,2023-08-26,consumer,europe,859,organic,3,493.55,164.52,1,0,1,12.73,0,4.11,17,3.4,23,0.051,control,0,post,0,0,1,0,0,0.0412
CUST-000055,2023-06-30,small_business,north_america,916,referral,3,184.01,61.34,2,0,0,0.0,0,5.0,18,14.1,23,0.226,control,0,pre,0,0,1,0,0,0.1035
CUST-000056,2025-09-29,consumer,north_america,94,direct,2,69.89,34.94,1,0,1,5.54,0,4.37,10,14.9,16,0.262,treatment,1,post,1,1,1,0,0,0.0906
CUST-000057,2023-04-03,consumer,europe,1004,partner,7,187.89,26.84,4,1,1,6.86,0,4.79,16,12.3,26,0.247,treatment,1,post,1,0,1,0,0,0.3255
CUST-000058,2025-03-13,small_business,north_america,294,partner,10,1509.48,150.95,7,0,1,8.82,0,4.63,6,6.0,10,0.338,treatment,1,post,1,0,1,0,1,0.3738
CUST-000059,2022-04-12,consumer,europe,1360,organic,5,224.28,44.86,1,0,0,0.0,0,3.91,22,9.8,31,0.102,control,0,pre,0,1,1,0,0,0.0545
CUST-000060,2022-07-30,consumer,latin_america,1251,direct,6,181.26,30.21,1,0,0,0.0,0,4.26,10,3.9,20,0.032,treatment,1,post,1,1,1,0,0,0.0246
CUST-000061,2021-05-23,consumer,north_america,1684,paid_search,4,142.76,35.69,1,0,0,0.0,0,4.17,15,12.7,21,0.286,treatment,1,pre,0,0,1,0,0,0.1025
CUST-000062,2022-04-09,consumer,north_america,1363,direct,2,197.38,98.69,1,0,2,15.02,1,3.15,6,5.2,13,0.244,treatment,1,pre,0,0,1,0,0,0.1115
CUST-000063,2024-02-23,consumer,latin_america,678,partner,4,221.99,55.5,3,1,1,21.86,0,4.36,16,16.9,22,0.249,treatment,1,post,1,0,1,0,0,0.3093
CUST-000064,2021-03-02,consumer,europe,1766,organic,5,378.97,75.79,4,0,4,38.14,1,3.92,12,11.3,19,0.068,control,0,pre,0,0,0,0,0,0.1156
CUST-000065,2023-12-05,consumer,north_america,758,organic,4,212.31,53.08,0,0,0,0.0,0,4.51,12,2.8,17,0.045,control,0,post,0,1,1,0,0,0.0229
CUST-000066,2024-05-07,consumer,asia_pacific,604,partner,3,80.11,26.7,3,0,1,16.69,0,4.48,16,15.7,20,0.289,control,0,post,0,0,1,0,0,0.1366
CUST-000067,2021-06-22,consumer,asia_pacific,1654,partner,3,116.52,38.84,0,0,0,0.0,0,5.0,14,14.9,18,0.09,control,0,pre,0,1,1,0,0,0.0347
CUST-000068,2024-02-16,small_business,europe,685,organic,5,400.61,80.12,2,0,1,1.54,0,4.63,17,13.6,23,0.141,control,0,post,0,0,1,1,0,0.0813
CUST-000069,2025-08-01,consumer,europe,153,referral,6,402.55,67.09,0,0,2,7.64,0,4.4,15,14.1,19,0.121,treatment,1,pre,0,0,1,0,0,0.054
CUST-000070,2023-08-21,enterprise,north_america,864,referral,2,259.42,129.71,2,0,0,0.0,0,4.51,12,8.0,16,0.197,control,0,post,0,1,0,0,0,0.0959
CUST-000071,2022-01-07,enterprise,north_america,1455,paid_search,3,740.9,246.97,0,0,1,18.46,0,4.33,16,9.7,21,0.008,control,0,post,0,0,1,0,0,0.0133
CUST-000072,2025-01-09,consumer,europe,357,paid_search,4,432.16,108.04,0,0,0,0.0,0,4.91,6,7.0,15,0.31,control,0,pre,0,0,1,0,0,0.1032
CUST-000073,2023-09-02,consumer,north_america,852,organic,3,196.46,65.49,1,0,4,7.0,1,4.14,12,1.7,19,0.086,treatment,1,pre,0,0,1,0,0,0.0703
CUST-000074,2025-04-26,consumer,europe,250,referral,3,128.36,42.79,1,0,1,31.59,1,3.51,13,11.2,17,0.202,treatment,1,pre,0,0,1,0,0,0.1117
CUST-000075,2022-07-24,small_business,asia_pacific,1257,paid_search,3,351.46,117.15,1,0,3,4.9,0,4.46,14,2.2,18,0.002,control,0,post,0,1,1,0,0,0.0284
CUST-000076,2023-08-09,small_business,north_america,876,referral,2,126.45,63.22,0,0,4,9.43,1,3.36,10,3.5,16,0.086,treatment,1,pre,0,0,1,0,0,0.0536
CUST-000077,2024-04-29,small_business,europe,612,paid_search,8,976.94,122.12,1,0,1,10.82,0,4.64,16,5.0,18,0.166,treatment,1,post,1,0,1,0,0,0.0544
CUST-000078,2024-11-02,consumer,north_america,425,partner,4,161.14,40.28,5,0,0,0.0,0,4.15,9,8.4,17,0.181,treatment,1,pre,0,0,1,0,0,0.1417
CUST-000079,2023-03-02,small_business,asia_pacific,1036,organic,7,546.01,78.0,4,1,2,53.45,1,3.03,11,23.9,17,0.219,treatment,1,post,1,0,0,0,1,0.5518
CUST-000080,2022-08-23,consumer,north_america,1227,organic,4,197.75,49.44,2,0,0,0.0,0,4.86,21,5.0,29,0.175,treatment,1,pre,0,0,1,0,0,0.0902
CUST-000081,2021-04-21,small_business,europe,1716,referral,5,847.11,169.42,0,0,3,18.04,1,3.3,12,25.1,15,0.451,treatment,1,post,1,0,1,0,0,0.1656
CUST-000082,2023-10-18,consumer,europe,806,paid_search,4,358.24,89.56,3,1,1,12.8,1,3.62,15,14.6,21,0.241,control,0,post,0,0,1,0,0,0.3441
CUST-000083,2025-03-02,small_business,north_america,305,paid_search,2,161.36,80.68,1,0,0,0.0,0,5.0,14,10.3,20,0.013,treatment,1,pre,0,1,1,0,0,0.0425
CUST-000084,2021-11-01,small_business,europe,1522,direct,6,635.34,105.89,4,0,2,21.35,1,3.59,14,4.5,19,0.052,control,0,pre,0,0,1,0,0,0.1114
CUST-000085,2022-11-04,consumer,europe,1154,direct,1,134.07,134.07,3,1,0,0.0,0,4.17,16,8.5,20,0.071,control,0,post,0,0,1,0,0,0.2797
CUST-000086,2022-06-29,consumer,europe,1282,referral,2,107.41,53.7,2,0,0,0.0,0,4.88,10,9.0,13,0.052,treatment,1,post,1,1,1,0,0,0.0445
CUST-000087,2025-06-25,consumer,asia_pacific,190,organic,1,15.82,15.82,0,0,1,38.38,1,2.92,13,12.6,17,0.199,treatment,1,post,1,0,1,0,0,0.0775
CUST-000088,2024-05-31,small_business,latin_america,580,partner,4,446.23,111.56,1,0,0,0.0,0,3.93,14,4.7,23,0.036,treatment,1,pre,0,1,1,0,0,0.0373
CUST-000089,2022-02-27,consumer,north_america,1404,referral,4,309.17,77.29,2,0,0,0.0,0,4.78,13,14.9,19,0.211,treatment,1,post,1,1,1,0,0,0.0828
CUST-000090,2021-11-02,enterprise,europe,1521,paid_search,5,3504.55,700.91,0,0,1,11.5,0,3.99,17,7.8,17,0.189,treatment,1,post,1,1,1,0,1,0.2237
CUST-000091,2023-10-22,consumer,north_america,802,organic,2,107.69,53.84,2,0,0,0.0,0,4.71,12,11.2,19,0.207,treatment,1,post,1,0,1,0,0,0.0817
CUST-000092,2021-12-22,enterprise,asia_pacific,1471,referral,3,480.71,160.24,1,0,2,18.72,0,3.85,8,7.4,11,0.183,treatment,1,pre,0,0,1,1,0,0.0756
CUST-000093,2021-10-16,small_business,europe,1538,paid_search,7,916.47,130.92,7,0,2,5.57,0,4.71,9,18.2,15,0.304,control,0,pre,0,0,1,0,1,0.3705
CUST-000094,2024-01-16,consumer,north_america,716,partner,6,272.47,45.41,3,1,0,0.0,0,4.66,2,3.7,6,0.424,control,0,post,0,0,1,0,0,0.3718
CUST-000095,2021-07-06,small_business,north_america,1640,direct,3,623.46,207.82,2,0,1,14.98,1,2.87,15,9.9,17,0.145,control,0,post,0,0,1,1,0,0.1023
CUST-000096,2024-07-14,small_business,asia_pacific,536,partner,3,277.83,92.61,1,0,1,27.88,1,3.59,12,2.8,15,0.093,treatment,1,post,1,0,1,0,0,0.0553
CUST-000097,2024-10-10,enterprise,north_america,448,paid_search,3,653.52,217.84,1,0,0,0.0,0,4.5,13,11.8,20,0.113,treatment,1,post,1,1,1,0,0,0.0405
CUST-000098,2022-07-31,consumer,europe,1250,paid_search,3,54.62,18.21,0,0,0,0.0,0,5.0,7,3.4,14,0.323,treatment,1,pre,0,0,1,0,0,0.0954
CUST-000099,2022-10-22,consumer,north_america,1167,paid_search,5,249.62,49.92,0,0,0,0.0,0,4.74,13,6.7,19,0.158,control,0,post,0,1,1,0,0,0.0524
CUST-000100,2025-04-09,consumer,latin_america,267,organic,5,373.72,74.74,0,0,0,0.0,0,4.86,10,6.1,13,0.0,treatment,1,post,1,0,1,0,0,0.0056
CUST-000101,2021-11-01,consumer,north_america,1522,referral,4,122.2,30.55,2,0,1,17.79,0,3.91,11,29.1,14,0.492,treatment,1,post,1,0,1,0,0,0.1896
CUST-000102,2024-12-21,consumer,north_america,376,referral,4,109.89,27.47,0,1,2,51.69,0,3.03,9,4.7,15,0.211,treatment,1,post,1,0,1,0,0,0.2494
CUST-000103,2021-12-22,consumer,asia_pacific,1471,organic,7,248.66,35.52,1,1,0,0.0,0,4.59,13,15.0,19,0.281,control,0,post,0,0,1,1,0,0.3012
CUST-000104,2025-12-04,consumer,asia_pacific,28,organic,7,197.64,28.23,0,0,2,18.93,0,4.0,9,0.8,16,0.03,treatment,1,pre,0,0,1,0,0,0.0302
CUST-000105,2022-01-05,consumer,north_america,1457,referral,4,295.55,73.89,0,0,0,0.0,0,5.0,11,8.4,17,0.135,treatment,1,post,1,1,1,0,0,0.0296
CUST-000106,2022-01-23,consumer,europe,1439,organic,5,150.32,30.06,2,0,2,34.35,2,2.79,10,18.8,14,0.327,treatment,1,post,1,0,1,0,0,0.181
CUST-000107,2022-02-04,small_business,europe,1427,paid_search,4,279.95,69.99,1,0,3,24.13,0,3.57,16,1.8,19,0.092,control,0,pre,0,0,1,0,0,0.0519
CUST-000108,2022-09-01,small_business,asia_pacific,1218,paid_search,1,145.47,145.47,0,0,1,5.01,0,4.19,9,14.6,16,0.179,control,0,post,0,1,1,0,0,0.0579
CUST-000109,2023-08-17,consumer,north_america,868,partner,5,198.47,39.69,3,1,1,40.3,0,3.93,12,7.4,18,0.075,control,0,pre,0,1,1,0,0,0.2808
CUST-000110,2022-06-20,consumer,europe,1291,organic,4,124.84,31.21,4,0,4,14.29,1,3.73,13,1.1,20,0.149,control,0,pre,0,0,1,1,0,0.1367
CUST-000111,2024-08-03,enterprise,europe,516,partner,3,530.62,176.87,0,0,0,0.0,0,4.52,18,15.9,24,0.268,treatment,1,post,1,0,1,0,0,0.0643
CUST-000112,2022-02-03,consumer,europe,1428,paid_search,2,256.3,128.15,1,0,1,29.92,0,4.22,8,12.2,18,0.425,treatment,1,post,1,0,1,1,0,0.1219
CUST-000113,2023-03-18,consumer,asia_pacific,1020,partner,2,62.0,31.0,1,0,0,0.0,0,4.28,16,4.1,23,0.308,treatment,1,post,1,1,1,1,0,0.0914
CUST-000114,2023-09-09,consumer,europe,845,organic,6,244.6,40.77,2,0,1,9.4,0,3.58,10,12.7,14,0.172,control,0,post,0,0,1,0,0,0.0894
CUST-000115,2023-06-16,small_business,north_america,930,paid_search,4,346.09,86.52,2,0,0,0.0,0,4.3,11,1.9,14,0.0,control,0,post,0,0,1,0,0,0.0445
CUST-000116,2023-02-22,consumer,asia_pacific,1044,paid_search,5,198.2,39.64,1,1,3,8.94,1,4.01,14,5.2,21,0.066,treatment,1,pre,0,1,1,0,0,0.2651
CUST-000117,2025-10-11,small_business,asia_pacific,82,organic,5,230.25,46.05,1,0,2,16.27,0,4.11,14,8.3,21,0.226,treatment,1,post,1,0,1,0,0,0.0812
CUST-000118,2025-04-08,small_business,asia_pacific,268,organic,6,478.82,79.8,4,0,3,3.59,2,3.06,7,8.0,14,0.382,treatment,1,post,1,0,1,0,0,0.2399
CUST-000119,2024-09-29,consumer,north_america,459,organic,5,295.37,59.07,1,0,1,8.98,0,4.73,19,10.9,25,0.364,treatment,1,post,1,0,1,0,0,0.106
CUST-000120,2025-05-24,small_business,north_america,222,paid_search,3,331.43,110.48,0,0,0,0.0,0,4.66,15,28.6,19,0.474,treatment,1,post,1,0,1,0,0,0.1628
CUST-000121,2023-10-14,small_business,europe,810,organic,4,462.04,115.51,5,0,0,0.0,0,4.74,8,3.4,11,0.195,treatment,1,pre,0,0,1,0,0,0.1454
CUST-000122,2022-08-26,consumer,north_america,1224,direct,1,68.78,68.78,2,0,1,18.88,0,4.27,16,9.4,20,0.1,treatment,1,pre,0,0,1,0,0,0.0706
CUST-000123,2022-09-20,consumer,latin_america,1199,paid_search,2,87.9,43.95,1,0,2,26.35,0,3.49,14,9.6,18,0.0,control,0,post,0,1,1,0,0,0.0279
CUST-000124,2023-08-18,consumer,north_america,867,referral,2,122.48,61.24,1,1,2,10.07,1,4.0,11,16.9,23,0.278,control,0,post,0,1,0,1,0,0.3204
CUST-000125,2021-09-22,consumer,europe,1562,direct,3,324.73,108.24,2,0,3,12.45,0,4.61,8,7.9,14,0.14,treatment,1,post,1,0,0,0,0,0.0642
CUST-000126,2023-02-28,consumer,asia_pacific,1038,organic,1,19.82,19.82,0,0,2,12.91,1,4.23,10,1.5,14,0.077,control,0,pre,0,1,1,0,0,0.0513
CUST-000127,2025-07-27,enterprise,north_america,158,partner,6,2268.75,378.12,2,0,0,0.0,0,4.85,10,8.8,15,0.0,control,0,pre,0,0,1,0,1,0.2357
CUST-000128,2022-03-04,consumer,north_america,1399,referral,2,96.58,48.29,0,0,1,6.46,0,4.62,18,1.3,23,0.0,control,0,post,0,1,1,0,0,0.0112
CUST-000129,2023-02-11,consumer,europe,1055,partner,5,153.67,30.73,0,0,1,14.36,0,3.63,14,15.9,18,0.286,treatment,1,pre,0,0,1,1,0,0.0858
CUST-000130,2022-10-26,small_business,europe,1163,paid_search,5,630.56,126.11,6,0,2,23.48,1,3.56,8,8.2,16,0.266,control,0,post,0,0,1,0,1,0.3806
CUST-000131,2023-02-28,consumer,north_america,1038,paid_search,3,63.86,21.29,1,0,0,0.0,0,4.27,7,10.6,11,0.324,treatment,1,post,1,1,1,0,0,0.0956
CUST-000132,2023-03-22,enterprise,europe,1016,organic,6,1581.04,263.51,4,1,0,0.0,0,5.0,17,3.7,24,0.211,treatment,1,pre,0,0,1,0,1,0.5129
CUST-000133,2025-07-07,small_business,latin_america,178,paid_search,3,126.04,42.01,1,0,0,0.0,0,5.0,11,3.9,16,0.19,treatment,1,post,1,0,1,0,0,0.0718
CUST-000134,2023-03-11,consumer,europe,1027,direct,4,105.39,26.35,0,0,1,9.18,0,4.04,10,12.1,17,0.146,control,0,post,0,0,0,1,0,0.0493
CUST-000135,2022-01-09,consumer,north_america,1453,direct,5,491.33,98.27,3,1,1,20.01,0,4.08,4,6.7,10,0.54,treatment,1,pre,0,0,0,0,0,0.402
CUST-000136,2024-06-15,enterprise,north_america,565,organic,2,360.11,180.06,3,0,0,0.0,0,4.69,10,4.7,15,0.219,treatment,1,pre,0,0,1,0,0,0.1183
CUST-000137,2022-12-22,small_business,north_america,1106,partner,6,550.51,91.75,5,0,2,24.41,1,3.86,9,18.8,14,0.353,control,0,pre,0,0,1,1,0,0.2066
CUST-000138,2025-10-23,enterprise,north_america,70,organic,2,872.39,436.2,0,0,0,0.0,0,4.01,8,8.9,19,0.252,treatment,1,post,1,0,1,0,0,0.0713
CUST-000139,2024-03-29,consumer,north_america,643,direct,4,204.95,51.24,3,1,1,9.34,0,3.59,13,5.2,26,0.083,control,0,post,0,1,1,0,0,0.2828
CUST-000140,2023-10-19,small_business,europe,805,organic,5,1421.33,284.27,0,1,3,26.35,2,3.05,10,9.3,14,0.103,treatment,1,post,1,0,1,0,0,0.2893
CUST-000141,2021-02-03,small_business,north_america,1793,direct,1,99.22,99.22,1,0,2,10.82,0,3.44,17,5.9,18,0.055,treatment,1,post,1,0,1,0,0,0.0283
CUST-000142,2024-11-24,consumer,latin_america,403,referral,2,40.54,20.27,0,0,2,14.4,2,3.4,9,11.4,11,0.345,treatment,1,post,1,0,1,0,0,0.1524
CUST-000143,2024-08-04,consumer,north_america,515,organic,4,164.53,41.13,1,0,1,16.9,1,3.93,5,3.5,7,0.344,treatment,1,pre,0,1,1,0,0,0.1376
CUST-000144,2023-12-09,small_business,north_america,754,organic,6,528.11,88.02,3,0,1,13.54,0,4.69,11,16.0,18,0.223,control,0,pre,0,1,0,0,0,0.1194
CUST-000145,2021-01-16,consumer,asia_pacific,1811,referral,2,122.3,61.15,1,1,0,0.0,0,4.38,11,5.9,14,0.025,treatment,1,post,1,1,1,0,0,0.2235
CUST-000146,2021-09-25,consumer,asia_pacific,1559,organic,3,51.85,17.28,1,0,0,0.0,0,4.66,18,2.7,23,0.0,treatment,1,post,1,1,1,0,0,0.0195
CUST-000147,2025-10-16,small_business,north_america,77,paid_search,4,596.12,149.03,2,1,0,0.0,0,4.83,12,3.0,21,0.037,control,0,post,0,0,1,0,0,0.2654
CUST-000148,2024-10-20,consumer,north_america,438,direct,2,270.11,135.06,3,0,0,0.0,0,4.19,10,7.0,15,0.19,treatment,1,post,1,0,1,0,0,0.094
CUST-000149,2021-11-21,consumer,north_america,1502,partner,3,190.12,63.37,3,1,0,0.0,0,4.92,13,4.7,18,0.01,treatment,1,pre,0,0,1,0,0,0.2638
CUST-000150,2025-09-03,consumer,europe,120,paid_search,1,47.05,47.05,0,0,1,15.42,0,4.31,14,2.2,19,0.109,control,0,pre,0,0,1,0,0,0.0508
CUST-000151,2021-09-21,consumer,europe,1563,paid_search,3,83.69,27.9,0,1,2,3.09,1,3.86,5,2.4,8,0.305,treatment,1,post,1,1,1,0,0,0.2939
CUST-000152,2024-07-26,enterprise,north_america,524,organic,2,3157.08,1578.54,0,0,1,11.96,1,3.9,13,8.2,20,0.149,control,0,post,0,0,1,0,1,0.2501
CUST-000153,2021-06-01,small_business,north_america,1675,direct,3,532.78,177.59,2,0,1,10.48,0,4.29,16,9.7,22,0.243,control,0,post,0,0,1,0,0,0.1079
CUST-000154,2024-07-04,consumer,europe,546,organic,1,23.5,23.5,0,0,2,12.46,0,4.56,16,8.7,20,0.212,control,0,pre,0,0,0,0,0,0.0665
CUST-000155,2023-10-23,enterprise,latin_america,801,organic,1,317.16,317.16,0,0,1,10.04,0,4.22,9,18.4,11,0.244,control,0,post,0,0,0,0,0,0.0748
CUST-000156,2022-09-06,small_business,europe,1213,organic,4,321.86,80.46,2,0,2,14.47,1,3.87,9,10.6,12,0.141,control,0,pre,0,0,1,0,0,0.1013
CUST-000157,2025-05-03,consumer,europe,243,direct,6,289.72,48.29,3,1,3,8.92,1,3.71,10,5.2,17,0.068,control,0,pre,0,1,0,0,0,0.3101
CUST-000158,2023-03-15,small_business,north_america,1023,organic,3,265.17,88.39,0,0,2,13.16,0,3.94,15,40.4,19,0.702,treatment,1,post,1,0,1,1,0,0.2111
CUST-000159,2023-06-17,consumer,north_america,929,referral,5,207.68,41.54,2,0,1,15.4,0,4.28,11,4.0,17,0.176,control,0,post,0,0,0,0,0,0.0904
CUST-000160,2022-01-29,enterprise,north_america,1433,partner,4,1705.01,426.25,2,1,0,0.0,0,4.29,13,2.0,17,0.038,treatment,1,post,1,0,1,0,1,0.4222
CUST-000161,2021-01-10,small_business,asia_pacific,1817,referral,6,254.89,42.48,0,0,1,30.99,1,3.66,10,12.5,16,0.345,control,0,pre,0,0,1,1,0,0.1212
CUST-000162,2022-09-02,small_business,asia_pacific,1217,direct,4,249.25,62.31,4,0,2,4.33,2,3.8,15,24.0,20,0.343,control,0,pre,0,1,1,1,0,0.2689
CUST-000163,2023-12-08,consumer,asia_pacific,755,referral,3,209.32,69.77,3,0,2,28.4,0,3.62,9,14.3,14,0.245,treatment,1,post,1,0,1,0,0,0.1083
CUST-000164,2023-12-13,small_business,latin_america,750,direct,2,411.52,205.76,0,1,3,6.42,0,4.51,20,6.7,25,0.088,control,0,post,0,0,1,0,0,0.2342
CUST-000165,2023-11-22,consumer,latin_america,771,organic,4,125.95,31.49,0,0,1,13.24,0,4.0,13,4.4,17,0.007,control,0,post,0,1,1,0,0,0.013
CUST-000166,2021-12-05,consumer,latin_america,1488,referral,3,188.84,62.95,0,0,2,3.3,1,3.51,20,11.9,24,0.292,treatment,1,pre,0,0,1,0,0,0.1074
CUST-000167,2024-05-15,consumer,north_america,596,paid_search,3,129.55,43.18,4,1,2,1.89,0,4.34,10,7.0,17,0.0,control,0,post,0,1,1,0,0,0.2779
CUST-000168,2025-02-18,small_business,north_america,317,paid_search,2,142.33,71.17,2,0,1,49.73,0,3.34,15,6.5,22,0.067,control,0,pre,0,0,1,0,0,0.0732
CUST-000169,2024-04-21,consumer,north_america,620,referral,4,161.25,40.31,1,0,1,13.5,1,3.99,9,19.4,14,0.465,treatment,1,pre,0,0,1,0,0,0.1691
CUST-000170,2025-11-06,enterprise,europe,56,direct,3,1813.6,604.53,0,0,2,11.41,1,3.92,13,1.6,21,0.001,control,0,post,0,0,1,0,0,0.0427
CUST-000171,2025-06-08,small_business,north_america,207,partner,6,1056.19,176.03,5,1,2,16.7,0,4.5,11,10.3,18,0.257,treatment,1,pre,0,0,1,0,1,0.5528
CUST-000172,2025-07-08,consumer,asia_pacific,177,paid_search,1,35.19,35.19,1,0,2,11.61,0,3.97,15,4.6,18,0.253,control,0,post,0,0,1,0,0,0.105
CUST-000173,2022-02-20,consumer,europe,1411,paid_search,4,349.37,87.34,0,1,2,23.82,0,3.87,15,8.0,24,0.14,control,0,post,0,0,0,0,0,0.2477
CUST-000174,2022-05-20,consumer,europe,1322,paid_search,1,45.26,45.26,0,0,0,0.0,0,5.0,17,3.9,18,0.159,control,0,pre,0,0,1,0,0,0.0527
CUST-000175,2022-07-05,consumer,north_america,1276,paid_search,3,111.2,37.07,0,0,2,21.26,0,3.39,13,7.0,17,0.31,control,0,pre,0,0,1,0,0,0.092
CUST-000176,2023-09-04,small_business,north_america,850,paid_search,6,613.71,102.29,4,0,0,0.0,0,4.44,9,32.1,19,0.617,treatment,1,post,1,0,1,0,0,0.2556
CUST-000177,2022-05-30,consumer,north_america,1312,organic,4,224.22,56.06,4,1,0,0.0,0,4.22,12,13.4,21,0.219,treatment,1,post,1,0,1,0,0,0.3182
CUST-000178,2025-03-01,small_business,asia_pacific,306,organic,2,166.19,83.1,1,0,1,25.66,0,3.89,13,11.9,21,0.271,treatment,1,post,1,0,1,0,0,0.0929
CUST-000179,2021-07-01,consumer,europe,1645,referral,3,204.68,68.23,3,0,1,17.2,0,4.02,16,8.2,18,0.231,control,0,pre,0,0,1,1,0,0.1214
CUST-000180,2023-06-25,small_business,europe,921,paid_search,7,1153.34,164.76,4,0,1,5.01,0,4.69,17,7.6,17,0.124,treatment,1,post,1,0,0,0,1,0.2734
CUST-000181,2021-04-25,enterprise,north_america,1712,direct,2,335.66,167.83,0,1,1,5.09,1,4.11,10,8.5,19,0.104,treatment,1,post,1,1,1,0,0,0.2415
CUST-000182,2025-03-17,small_business,north_america,290,partner,7,450.0,64.29,4,1,1,14.7,1,3.33,6,11.1,14,0.522,control,0,pre,0,0,1,1,0,0.4452
CUST-000183,2023-07-01,small_business,north_america,915,organic,3,258.51,86.17,0,0,1,20.14,0,3.89,13,13.5,20,0.204,control,0,pre,0,0,1,0,0,0.0644
CUST-000184,2022-07-06,small_business,asia_pacific,1275,organic,6,499.12,83.19,6,1,0,0.0,0,4.6,8,25.8,12,0.626,control,0,post,0,0,0,0,0,0.5081
CUST-000185,2023-07-04,consumer,asia_pacific,912,organic,7,295.19,42.17,0,0,1,35.44,0,3.97,10,6.7,15,0.133,control,0,pre,0,0,0,0,0,0.0459
CUST-000186,2023-10-02,consumer,north_america,822,direct,11,757.09,68.83,1,0,1,21.96,0,4.9,14,19.1,19,0.464,control,0,pre,0,0,1,0,0,0.1489
CUST-000187,2025-02-20,consumer,latin_america,315,organic,4,118.84,29.71,3,0,0,0.0,0,4.85,9,26.0,12,0.416,control,0,post,0,0,1,0,0,0.2145
CUST-000188,2024-01-28,consumer,north_america,704,paid_search,1,16.72,16.72,0,0,1,14.43,1,3.43,10,14.2,12,0.169,treatment,1,pre,0,0,1,0,0,0.0753
CUST-000189,2024-10-11,small_business,asia_pacific,447,direct,2,147.43,73.72,1,0,0,0.0,0,4.57,17,7.6,22,0.194,control,0,post,0,0,1,0,0,0.0785
CUST-000190,2024-06-20,small_business,north_america,560,direct,1,265.47,265.47,1,0,3,4.62,2,3.65,12,14.3,24,0.148,control,0,post,0,1,1,0,0,0.1345
CUST-000191,2022-07-29,small_business,north_america,1252,organic,3,279.66,93.22,1,1,2,7.35,1,3.78,8,2.1,12,0.145,treatment,1,post,1,1,1,0,0,0.2689
CUST-000192,2022-11-03,consumer,asia_pacific,1155,organic,9,407.45,45.27,2,0,2,12.35,1,4.01,8,23.2,13,0.611,treatment,1,pre,0,0,0,1,0,0.2575
CUST-000193,2022-12-14,small_business,north_america,1114,organic,4,871.84,217.96,2,0,2,17.52,0,3.37,9,15.1,16,0.159,control,0,pre,0,0,1,0,0,0.086
CUST-000194,2024-03-03,consumer,north_america,669,organic,6,175.88,29.31,3,0,5,15.38,1,3.96,13,7.3,21,0.154,control,0,post,0,0,1,0,0,0.1214
CUST-000195,2021-03-16,consumer,north_america,1752,organic,5,161.94,32.39,1,0,1,2.26,0,4.38,14,6.9,23,0.213,treatment,1,post,1,1,1,0,0,0.0666
CUST-000196,2025-07-12,small_business,north_america,173,partner,2,205.02,102.51,0,0,1,6.08,0,4.41,14,2.6,19,0.042,control,0,pre,0,0,1,0,0,0.0334
CUST-000197,2024-04-06,enterprise,europe,635,direct,6,2420.15,403.36,2,0,3,16.09,1,4.26,14,16.6,19,0.203,treatment,1,pre,0,0,0,0,1,0.2975
CUST-000198,2025-05-18,consumer,asia_pacific,228,paid_search,2,133.58,66.79,0,0,1,17.83,0,3.71,12,7.1,19,0.097,treatment,1,post,1,0,1,0,0,0.0309
CUST-000199,2024-04-13,consumer,asia_pacific,628,partner,1,17.08,17.08,0,0,2,9.9,0,4.45,8,24.5,12,0.442,treatment,1,pre,0,0,0,0,0,0.1601
CUST-000200,2021-03-12,consumer,north_america,1756,organic,5,212.05,42.41,2,0,0,0.0,0,4.88,11,2.1,16,0.041,treatment,1,post,1,0,1,0,0,0.0427
CUST-000201,2024-02-24,consumer,europe,677,referral,3,137.54,45.85,1,0,1,20.48,0,4.15,8,4.0,13,0.144,treatment,1,post,1,0,1,0,0,0.0486
CUST-000202,2021-06-17,small_business,north_america,1659,partner,6,371.63,61.94,1,1,3,47.59,1,2.4,16,3.6,20,0.019,treatment,1,pre,0,1,1,0,0,0.2528
CUST-000203,2023-07-05,small_business,north_america,911,referral,5,1372.67,274.53,4,0,0,0.0,0,5.0,8,0.7,14,0.149,control,0,post,0,0,1,0,1,0.2967
CUST-000204,2022-06-30,consumer,north_america,1281,direct,2,30.0,15.0,3,1,2,9.61,1,3.84,19,12.5,21,0.335,control,0,post,0,0,0,0,0,0.3686
CUST-000205,2023-09-12,consumer,latin_america,842,paid_search,1,53.0,53.0,0,0,1,6.42,0,4.25,10,3.1,11,0.078,control,0,post,0,0,1,0,0,0.0315
CUST-000206,2024-08-23,consumer,asia_pacific,496,organic,6,285.87,47.64,3,1,0,0.0,0,4.49,12,4.0,18,0.174,treatment,1,post,1,0,1,0,0,0.2898
CUST-000207,2022-03-05,enterprise,asia_pacific,1398,organic,8,2105.94,263.24,4,1,3,19.89,2,3.07,10,3.3,17,0.181,control,0,pre,0,0,0,0,1,0.5731
CUST-000208,2021-02-27,consumer,europe,1769,paid_search,6,195.07,32.51,2,0,2,18.4,0,3.72,10,6.0,14,0.053,treatment,1,post,1,1,1,0,0,0.0446
CUST-000209,2024-08-28,small_business,europe,491,direct,2,89.6,44.8,0,0,1,4.58,0,4.54,13,21.5,17,0.38,control,0,pre,0,0,1,0,0,0.1439
CUST-000210,2022-02-07,small_business,europe,1424,paid_search,3,86.29,28.76,3,1,0,0.0,0,4.39,14,11.1,19,0.151,treatment,1,post,1,0,0,0,0,0.2838
CUST-000211,2024-09-01,consumer,europe,487,referral,3,137.3,45.77,0,0,2,14.99,0,4.46,16,9.2,19,0.035,control,0,post,0,0,1,0,0,0.0203
CUST-000212,2022-05-30,consumer,north_america,1312,paid_search,1,23.42,23.42,0,0,0,0.0,0,4.78,16,8.0,20,0.162,treatment,1,pre,0,0,1,0,0,0.0534
CUST-000213,2022-01-19,enterprise,north_america,1443,organic,2,572.16,286.08,1,1,1,2.07,0,5.0,9,5.3,14,0.054,control,0,post,0,1,1,0,0,0.2419
CUST-000214,2023-09-26,consumer,north_america,828,paid_search,4,96.47,24.12,1,0,1,18.27,1,3.62,12,5.4,13,0.128,treatment,1,post,1,1,1,0,0,0.0644
CUST-000215,2022-04-24,consumer,latin_america,1348,partner,3,72.14,24.05,3,0,1,38.65,0,3.35,12,8.9,14,0.023,treatment,1,post,1,1,1,0,0,0.0565
CUST-000216,2024-08-12,small_business,europe,507,partner,5,255.59,51.12,2,0,2,7.13,0,3.91,13,20.0,15,0.346,control,0,post,0,0,1,0,0,0.1348
CUST-000217,2025-07-27,small_business,latin_america,158,paid_search,1,48.21,48.21,0,0,2,15.01,0,4.99,13,5.0,16,0.0,treatment,1,pre,0,0,1,0,0,0.0224
CUST-000218,2025-06-26,enterprise,north_america,189,organic,2,261.92,130.96,3,0,1,19.29,1,3.9,9,15.4,14,0.361,treatment,1,pre,0,1,1,0,0,0.1865
CUST-000219,2023-09-30,consumer,europe,824,partner,3,145.81,48.6,2,0,1,1.16,1,3.88,13,3.4,18,0.025,treatment,1,pre,0,0,1,0,0,0.0711
CUST-000220,2021-06-28,consumer,north_america,1648,organic,5,337.33,67.47,0,1,1,6.19,0,5.0,13,12.5,18,0.169,treatment,1,post,1,0,1,0,0,0.2385
CUST-000221,2025-05-01,consumer,north_america,245,direct,7,320.04,45.72,4,0,0,0.0,0,5.0,10,19.5,13,0.414,control,0,post,0,0,1,0,0,0.197
CUST-000222,2023-09-15,consumer,north_america,839,organic,2,72.2,36.1,1,0,1,38.49,0,3.16,12,7.6,14,0.1,treatment,1,post,1,0,1,0,0,0.0371
CUST-000223,2022-06-22,consumer,north_america,1289,organic,3,307.27,102.42,3,1,2,1.08,0,4.31,7,5.3,14,0.248,treatment,1,post,1,0,1,0,0,0.3091
CUST-000224,2024-12-16,consumer,asia_pacific,381,paid_search,3,264.63,88.21,2,0,1,10.71,0,4.29,14,12.4,22,0.191,treatment,1,post,1,1,1,0,0,0.0775
CUST-000225,2022-05-21,consumer,north_america,1321,paid_search,5,375.77,75.15,1,0,5,16.25,1,3.37,8,23.0,12,0.523,treatment,1,pre,0,0,0,0,0,0.2179
CUST-000226,2024-06-12,consumer,europe,568,paid_search,2,38.96,19.48,0,0,1,7.08,0,4.39,12,15.0,15,0.333,treatment,1,pre,0,0,0,0,0,0.098
CUST-000227,2021-12-15,consumer,europe,1478,paid_search,5,223.07,44.61,5,0,2,1.39,1,4.36,16,25.0,23,0.483,treatment,1,post,1,1,1,0,0,0.2573
CUST-000228,2023-02-03,consumer,north_america,1063,direct,4,326.22,81.56,1,0,3,11.05,2,2.94,12,8.1,19,0.098,treatment,1,pre,0,0,1,1,0,0.1214
CUST-000229,2023-04-03,small_business,europe,1004,paid_search,4,832.92,208.23,2,1,2,6.98,0,4.53,10,7.8,16,0.226,control,0,post,0,0,1,0,0,0.3035
CUST-000230,2025-02-01,consumer,north_america,334,paid_search,4,167.43,41.86,2,0,2,17.54,0,4.57,11,2.3,20,0.0,treatment,1,pre,0,0,1,1,0,0.0557
CUST-000231,2023-09-01,consumer,latin_america,853,paid_search,5,295.35,59.07,1,0,1,22.19,1,3.74,9,5.2,13,0.077,control,0,post,0,0,1,0,0,0.0679
CUST-000232,2021-09-19,consumer,asia_pacific,1565,organic,6,490.2,81.7,3,0,3,4.61,0,4.46,10,7.3,13,0.112,treatment,1,pre,0,0,1,0,0,0.0904
CUST-000233,2025-11-12,consumer,europe,50,partner,4,200.49,50.12,0,0,1,7.6,0,4.18,11,7.9,20,0.215,treatment,1,post,1,0,1,0,0,0.0617
CUST-000234,2022-03-16,consumer,europe,1387,organic,4,185.45,46.36,2,0,1,7.93,0,4.69,16,12.3,20,0.111,control,0,post,0,0,1,0,0,0.0735
CUST-000235,2023-07-10,consumer,north_america,906,partner,4,109.01,27.25,1,0,1,21.97,0,3.64,16,5.6,22,0.164,control,0,pre,0,1,1,0,0,0.0706
CUST-000236,2022-05-25,consumer,asia_pacific,1317,organic,3,80.41,26.8,5,0,2,13.82,0,4.34,18,5.8,21,0.093,control,0,pre,0,0,1,0,0,0.1188
CUST-000237,2022-09-04,consumer,north_america,1215,direct,3,83.58,27.86,3,0,0,0.0,0,4.61,19,27.7,27,0.427,treatment,1,post,1,0,1,0,0,0.1894
CUST-000238,2023-10-27,consumer,north_america,797,paid_search,4,96.81,24.2,4,0,0,0.0,0,4.99,13,0.7,15,0.1,control,0,pre,0,1,1,0,0,0.1039
CUST-000239,2024-06-07,consumer,north_america,573,referral,1,59.82,59.82,0,0,0,0.0,0,4.4,13,1.0,19,0.0,control,0,pre,0,0,1,0,0,0.0112
CUST-000240,2022-11-08,consumer,asia_pacific,1150,paid_search,1,30.83,30.83,1,0,2,8.72,0,4.21,13,3.9,17,0.247,control,0,post,0,0,1,0,0,0.0923
CUST-000241,2025-04-08,small_business,europe,268,organic,7,1037.93,148.28,4,0,0,0.0,0,4.17,12,1.0,19,0.002,control,0,pre,0,0,1,0,0,0.0896
CUST-000242,2023-01-25,small_business,asia_pacific,1072,referral,2,130.38,65.19,2,0,2,14.6,0,4.39,7,1.3,14,0.183,control,0,pre,0,0,1,0,0,0.0923
CUST-000243,2025-06-29,small_business,asia_pacific,186,partner,5,386.19,77.24,3,0,0,0.0,0,4.45,14,6.1,14,0.225,control,0,pre,0,0,1,0,0,0.1311
CUST-000244,2022-09-28,consumer,north_america,1191,referral,4,173.66,43.42,4,1,1,32.26,0,3.49,10,10.0,13,0.181,treatment,1,post,1,1,1,0,0,0.3083
CUST-000245,2022-11-05,small_business,asia_pacific,1153,paid_search,2,576.78,288.39,1,0,3,13.96,2,3.08,14,5.9,18,0.194,treatment,1,post,1,1,1,0,0,0.1297
CUST-000246,2025-07-18,consumer,north_america,167,partner,1,15.07,15.07,1,0,0,0.0,0,4.79,5,10.5,12,0.268,treatment,1,pre,0,0,1,0,0,0.109
CUST-000247,2022-03-17,consumer,europe,1386,referral,4,151.2,37.8,1,0,2,12.86,0,3.89,17,13.6,18,0.191,control,0,pre,0,0,1,1,0,0.0777
CUST-000248,2023-11-26,small_business,north_america,767,partner,6,825.72,137.62,3,1,1,35.33,0,3.36,13,9.3,18,0.186,control,0,post,0,0,1,0,0,0.3097
CUST-000249,2022-01-23,consumer,latin_america,1439,paid_search,2,43.85,21.92,0,0,3,4.29,1,4.36,20,10.4,24,0.26,control,0,post,0,0,1,0,0,0.099
CUST-000250,2025-10-03,consumer,north_america,90,partner,5,241.86,48.37,2,0,2,18.26,0,4.09,9,6.5,14,0.22,treatment,1,pre,0,0,1,1,0,0.1131
CUST-000251,2025-01-27,small_business,north_america,339,partner,3,81.03,27.01,2,0,1,2.1,0,4.88,20,5.6,21,0.147,control,0,post,0,1,1,0,0,0.0941
CUST-000252,2023-07-07,small_business,europe,909,direct,8,962.3,120.29,7,0,1,30.76,0,3.71,14,0.9,18,0.1,control,0,post,0,0,1,0,1,0.3173
CUST-000253,2025-01-11,enterprise,north_america,355,paid_search,3,537.29,179.1,0,0,0,0.0,0,4.6,15,14.1,20,0.272,treatment,1,pre,0,0,1,0,0,0.0933
CUST-000254,2024-04-29,consumer,north_america,612,paid_search,2,148.63,74.32,0,0,0,0.0,0,4.65,10,9.0,14,0.0,control,0,pre,0,0,0,0,0,0.0112
CUST-000255,2022-09-09,consumer,europe,1210,referral,2,76.69,38.34,1,0,1,33.91,0,4.24,10,9.9,16,0.28,treatment,1,post,1,0,1,0,0,0.0841
CUST-000256,2025-03-31,small_business,north_america,276,paid_search,4,264.43,66.11,1,0,1,12.22,0,4.75,10,2.2,14,0.0,treatment,1,pre,0,0,1,0,0,0.0391
CUST-000257,2022-08-09,consumer,asia_pacific,1241,partner,5,193.17,38.63,4,1,2,12.58,1,4.24,12,4.1,14,0.093,treatment,1,pre,0,0,1,0,0,0.3221
CUST-000258,2025-06-13,small_business,north_america,202,paid_search,3,586.75,195.58,0,0,1,9.01,1,3.7,12,6.3,14,0.119,control,0,post,0,0,1,0,0,0.0734
CUST-000259,2025-02-03,consumer,europe,332,organic,3,95.64,31.88,2,0,1,9.33,0,4.02,11,3.1,19,0.055,control,0,pre,0,0,1,0,0,0.0701
CUST-000260,2023-01-19,consumer,europe,1078,referral,2,255.76,127.88,3,0,0,0.0,0,4.87,14,9.2,18,0.064,treatment,1,pre,0,0,1,0,0,0.0779
CUST-000261,2022-01-11,consumer,europe,1451,organic,4,182.45,45.61,2,0,0,0.0,0,5.0,11,8.7,14,0.0,control,0,pre,0,0,1,0,0,0.0445
CUST-000262,2025-02-12,small_business,europe,323,organic,5,673.96,134.79,4,1,4,3.53,3,3.57,9,8.3,19,0.109,control,0,post,0,0,1,0,0,0.4055
CUST-000263,2024-06-23,consumer,europe,557,partner,2,185.53,92.76,0,0,0,0.0,0,4.6,16,13.9,17,0.298,control,0,post,0,0,1,0,0,0.0889
CUST-000264,2021-05-18,consumer,latin_america,1689,referral,6,255.31,42.55,3,0,0,0.0,0,4.85,16,9.3,26,0.039,control,0,pre,0,1,1,1,0,0.0714
CUST-000265,2021-01-21,consumer,north_america,1806,referral,2,117.09,58.54,0,0,2,13.46,0,4.52,8,18.4,11,0.337,control,0,pre,0,0,1,0,0,0.0991
CUST-000266,2023-01-31,consumer,north_america,1066,organic,5,212.43,42.49,3,0,0,0.0,0,4.65,9,9.5,16,0.242,treatment,1,post,1,0,1,0,0,0.1075
CUST-000267,2023-09-30,consumer,europe,824,organic,4,185.56,46.39,6,1,2,9.01,0,4.44,11,4.8,15,0.0,treatment,1,post,1,0,1,0,0,0.3028
CUST-000268,2024-03-30,small_business,asia_pacific,642,direct,4,459.26,114.82,2,1,2,10.45,0,4.37,13,7.8,15,0.086,control,0,post,0,0,1,0,0,0.267
CUST-000269,2022-12-05,consumer,north_america,1123,organic,4,190.3,47.58,5,1,2,16.11,1,3.47,6,0.5,11,0.215,treatment,1,pre,0,0,1,0,0,0.3706
CUST-000270,2023-01-13,small_business,north_america,1084,organic,2,97.52,48.76,0,0,1,33.26,0,3.53,16,10.0,20,0.189,treatment,1,pre,0,0,1,0,0,0.0605
CUST-000271,2024-07-02,small_business,asia_pacific,548,organic,6,491.74,81.96,1,1,0,0.0,0,4.35,12,4.2,16,0.0,control,0,pre,0,0,1,0,0,0.2279
CUST-000272,2025-11-06,consumer,europe,56,paid_search,2,103.38,51.69,0,0,0,0.0,0,4.04,9,8.6,20,0.204,treatment,1,post,1,0,1,0,0,0.0588
CUST-000273,2025-03-18,consumer,latin_america,289,referral,6,348.4,58.07,2,0,0,0.0,0,4.65,11,4.7,16,0.11,control,0,post,0,0,1,0,0,0.0844
CUST-000274,2021-03-19,consumer,europe,1749,referral,4,243.12,60.78,1,0,0,0.0,0,4.59,13,3.1,23,0.0,treatment,1,pre,0,0,1,0,0,0.0279
CUST-000275,2023-11-22,consumer,europe,771,partner,5,192.72,38.54,2,0,3,4.89,2,3.84,16,22.2,20,0.387,control,0,post,0,0,0,0,0,0.2471
CUST-000276,2023-07-29,consumer,north_america,887,organic,4,144.9,36.22,1,0,2,4.11,1,4.49,10,4.6,17,0.02,control,0,post,0,0,1,0,0,0.0531
CUST-000277,2023-08-25,enterprise,latin_america,860,paid_search,1,622.97,622.97,1,0,0,0.0,0,5.0,8,4.0,14,0.176,treatment,1,post,1,0,1,0,0,0.057
CUST-000278,2022-01-31,enterprise,north_america,1431,paid_search,4,896.23,224.06,3,0,0,0.0,0,5.0,10,12.6,18,0.268,treatment,1,post,1,1,1,0,0,0.1143
CUST-000279,2025-08-22,small_business,europe,132,organic,6,607.34,101.22,3,0,1,38.83,0,3.36,12,6.1,15,0.088,control,0,pre,0,1,1,1,0,0.0954
CUST-000280,2025-07-21,consumer,north_america,164,organic,2,96.89,48.45,1,0,1,18.2,1,3.19,9,4.4,12,0.196,treatment,1,post,1,0,1,0,0,0.0934
CUST-000281,2024-08-05,small_business,europe,514,organic,4,461.41,115.35,1,0,2,7.42,2,3.84,12,12.9,18,0.278,treatment,1,pre,0,0,1,1,0,0.1684
CUST-000282,2023-07-21,small_business,europe,895,organic,6,362.99,60.5,4,0,2,6.05,1,4.48,10,7.6,15,0.199,control,0,pre,0,0,1,0,0,0.1498
CUST-000283,2022-08-21,consumer,europe,1229,paid_search,9,605.0,67.22,6,0,2,13.14,1,4.37,10,14.0,14,0.266,control,0,pre,0,0,1,0,1,0.3806
CUST-000284,2023-07-13,small_business,asia_pacific,903,partner,2,124.65,62.32,0,0,4,1.97,2,3.82,7,18.9,12,0.552,control,0,post,0,0,1,0,0,0.2232
CUST-000285,2023-10-11,consumer,north_america,813,organic,6,147.31,24.55,0,0,0,0.0,0,3.9,13,6.0,20,0.131,treatment,1,pre,0,0,1,0,0,0.0454
CUST-000286,2021-04-25,consumer,europe,1712,paid_search,2,44.04,22.02,0,0,0,0.0,0,4.73,8,12.2,17,0.169,control,0,post,0,0,1,0,0,0.0553
CUST-000287,2025-03-01,consumer,north_america,306,referral,3,75.68,25.23,1,0,5,7.26,0,4.61,13,19.4,16,0.26,control,0,post,0,0,1,0,0,0.1069
CUST-000288,2023-02-17,consumer,north_america,1049,referral,4,350.32,87.58,3,0,0,0.0,0,5.0,13,22.8,16,0.363,control,0,post,0,0,1,0,0,0.1895
CUST-000289,2023-04-11,consumer,north_america,996,referral,3,188.51,62.84,1,0,2,19.06,1,4.17,4,5.1,16,0.378,control,0,post,0,0,1,0,0,0.1464
CUST-000290,2023-08-13,small_business,north_america,872,paid_search,2,475.08,237.54,1,0,2,29.73,2,3.28,13,15.4,15,0.285,treatment,1,post,1,0,1,0,0,0.1534
CUST-000291,2021-12-17,enterprise,north_america,1476,referral,3,571.78,190.59,3,1,3,25.96,1,3.3,14,1.1,19,0.0,control,0,post,0,1,1,0,0,0.2812
CUST-000292,2024-08-21,consumer,europe,498,organic,4,448.72,112.18,1,0,1,23.25,0,3.66,4,9.4,8,0.618,control,0,post,0,0,1,0,0,0.189
CUST-000293,2021-03-27,small_business,europe,1741,paid_search,6,731.86,121.98,0,0,4,8.73,0,4.57,10,2.5,12,0.033,control,0,post,0,1,1,0,0,0.0198
CUST-000294,2024-04-26,enterprise,europe,615,organic,2,640.5,320.25,0,0,1,6.2,1,3.72,14,6.0,17,0.099,control,0,post,0,0,1,0,0,0.057
CUST-000295,2023-04-06,consumer,north_america,1001,paid_search,3,90.16,30.05,0,0,0,0.0,0,5.0,13,29.3,14,0.434,control,0,pre,0,0,1,1,0,0.158
CUST-000296,2023-05-20,consumer,north_america,957,paid_search,4,160.17,40.04,1,0,4,17.16,2,2.67,8,14.2,16,0.256,control,0,post,0,0,0,1,0,0.1626
CUST-000297,2021-10-01,consumer,north_america,1553,organic,5,151.83,30.37,1,0,0,0.0,0,4.8,10,2.5,12,0.032,treatment,1,post,1,1,1,0,0,0.0246
CUST-000298,2023-10-15,consumer,asia_pacific,809,referral,5,197.74,39.55,4,0,0,0.0,0,4.71,15,3.3,19,0.058,control,0,post,0,0,1,0,0,0.093
CUST-000299,2024-07-20,small_business,asia_pacific,530,organic,1,25.16,25.16,1,0,1,5.77,1,3.93,10,16.4,19,0.266,control,0,pre,0,0,1,0,0,0.1172
CUST-000300,2025-11-08,consumer,north_america,54,organic,2,62.51,31.26,0,0,0,0.0,0,4.28,10,16.0,15,0.399,treatment,1,pre,0,0,0,1,0,0.1265
CUST-000301,2024-02-28,consumer,europe,673,organic,4,313.94,78.48,2,1,1,15.51,1,3.04,18,16.6,27,0.266,treatment,1,post,1,0,1,1,0,0.3171
CUST-000302,2021-11-13,consumer,north_america,1510,paid_search,5,187.4,37.48,1,0,1,22.93,0,3.84,13,9.4,19,0.15,treatment,1,post,1,0,1,0,0,0.0502
CUST-000303,2025-11-30,consumer,north_america,32,organic,7,218.47,31.21,2,1,1,36.48,1,3.06,14,14.2,22,0.301,treatment,1,pre,0,0,1,0,0,0.3542
CUST-000304,2021-07-09,enterprise,north_america,1637,paid_search,1,79.2,79.2,3,0,1,11.05,0,4.71,11,6.2,16,0.09,control,0,post,0,0,1,0,0,0.0847
CUST-000305,2023-04-10,consumer,north_america,997,organic,5,156.8,31.36,1,0,0,0.0,0,4.33,11,6.0,16,0.143,control,0,post,0,1,1,0,0,0.0652
CUST-000306,2025-04-08,consumer,europe,268,referral,2,39.28,19.64,1,0,2,40.81,0,3.74,11,9.0,14,0.048,control,0,pre,0,0,1,0,0,0.0516
CUST-000307,2024-06-19,consumer,asia_pacific,561,direct,2,25.49,12.74,0,0,2,43.22,0,3.07,5,4.3,13,0.22,control,0,post,0,0,1,0,0,0.0686
CUST-000308,2023-03-21,consumer,north_america,1017,paid_search,3,72.55,24.18,1,1,0,0.0,0,4.77,8,3.8,12,0.172,treatment,1,pre,0,0,1,0,0,0.2727
CUST-000309,2024-05-25,consumer,europe,586,partner,7,310.87,44.41,3,0,2,52.06,0,2.52,14,11.7,20,0.176,treatment,1,post,1,1,1,0,0,0.0903
CUST-000310,2025-06-04,consumer,europe,211,referral,2,60.17,30.08,3,0,2,14.84,0,4.96,19,12.4,27,0.141,treatment,1,pre,0,0,1,0,0,0.1092
CUST-000311,2022-08-30,consumer,latin_america,1220,direct,1,19.72,19.72,0,1,0,0.0,0,4.55,13,3.8,16,0.074,treatment,1,pre,0,0,1,0,0,0.2305
CUST-000312,2022-08-19,consumer,europe,1231,partner,3,103.9,34.63,1,0,0,0.0,0,3.62,7,5.1,12,0.252,treatment,1,post,1,0,1,0,0,0.0768
CUST-000313,2025-05-16,small_business,north_america,230,referral,5,232.64,46.53,0,0,0,0.0,0,4.35,9,10.6,13,0.169,control,0,pre,0,0,1,0,0,0.0665
CUST-000314,2024-07-26,small_business,europe,524,direct,2,177.4,88.7,0,0,3,6.92,1,3.67,9,10.0,14,0.175,treatment,1,post,1,0,1,1,0,0.06
CUST-000315,2024-10-02,small_business,north_america,456,referral,8,994.97,124.37,5,0,2,11.17,0,4.09,5,9.4,10,0.424,control,0,post,0,1,1,0,1,0.3851
CUST-000316,2022-09-11,small_business,latin_america,1208,paid_search,5,651.42,130.28,2,0,1,26.62,1,3.36,12,4.0,15,0.0,control,0,pre,0,1,1,0,0,0.0645
CUST-000317,2022-05-06,small_business,north_america,1336,organic,5,730.59,146.12,3,0,0,0.0,0,4.37,16,31.8,17,0.481,treatment,1,post,1,1,1,0,0,0.2034
CUST-000318,2022-05-12,consumer,europe,1330,organic,6,230.53,38.42,5,0,0,0.0,0,4.31,15,5.6,23,0.136,treatment,1,pre,0,0,1,0,0,0.13
CUST-000319,2021-04-23,consumer,north_america,1714,paid_search,2,51.64,25.82,2,0,1,3.7,0,4.1,12,10.9,17,0.179,treatment,1,post,1,0,1,0,0,0.0744
CUST-000320,2022-02-25,consumer,north_america,1406,paid_search,11,535.54,48.69,5,0,0,0.0,0,4.89,18,3.1,24,0.013,control,0,post,0,0,1,0,0,0.0979
CUST-000321,2024-05-16,consumer,asia_pacific,595,paid_search,6,366.41,61.07,0,0,1,3.45,1,4.48,11,7.6,13,0.055,treatment,1,post,1,0,1,0,0,0.0316
CUST-000322,2025-06-05,small_business,europe,210,partner,4,408.88,102.22,0,0,3,7.99,0,4.31,16,3.8,17,0.0,control,0,pre,0,1,1,0,0,0.0224
CUST-000323,2022-12-01,consumer,north_america,1127,paid_search,6,356.15,59.36,5,0,2,14.76,1,3.77,15,5.4,16,0.08,treatment,1,post,1,0,1,0,0,0.1189
CUST-000324,2021-06-04,small_business,latin_america,1672,referral,3,279.81,93.27,2,0,2,3.05,1,3.68,17,9.5,23,0.321,control,0,post,0,0,1,0,0,0.1483
CUST-000325,2021-02-16,small_business,asia_pacific,1780,organic,5,379.98,76.0,2,0,0,0.0,0,4.62,5,18.2,9,0.599,control,0,post,0,0,1,0,0,0.2008
CUST-000326,2024-10-27,consumer,north_america,431,organic,6,305.36,50.89,5,0,2,25.09,0,4.05,15,5.0,24,0.0,control,0,post,0,0,1,0,0,0.0945
CUST-000327,2024-10-16,enterprise,europe,442,referral,4,1158.2,289.55,0,0,0,0.0,0,4.52,15,9.2,19,0.21,treatment,1,pre,0,0,1,0,0,0.066
CUST-000328,2025-10-11,consumer,europe,82,referral,5,248.73,49.75,1,0,0,0.0,0,4.74,8,10.8,13,0.219,treatment,1,pre,0,0,1,0,0,0.0962
CUST-000329,2025-04-06,small_business,europe,270,direct,8,579.52,72.44,6,0,2,16.1,0,4.31,11,12.7,16,0.212,control,0,post,0,0,0,0,1,0.3577
CUST-000330,2023-03-19,consumer,north_america,1019,referral,2,77.13,38.56,1,0,2,2.18,0,4.18,11,1.4,18,0.0,control,0,pre,0,0,1,0,0,0.0279
CUST-000331,2023-04-03,consumer,north_america,1004,referral,3,147.48,49.16,2,0,1,19.73,0,4.52,15,14.0,20,0.395,control,0,post,0,0,1,0,0,0.1475
CUST-000332,2024-02-15,consumer,asia_pacific,686,organic,7,507.5,72.5,6,0,1,7.08,0,4.35,15,10.9,21,0.09,treatment,1,pre,0,0,1,0,0,0.1347
CUST-000333,2024-06-04,consumer,asia_pacific,576,paid_search,3,109.02,36.34,1,0,1,10.58,0,4.92,17,9.4,24,0.182,treatment,1,pre,0,0,1,0,0,0.0753
CUST-000334,2021-11-07,consumer,asia_pacific,1516,organic,4,265.01,66.25,2,0,3,13.46,1,3.96,16,30.5,20,0.453,treatment,1,pre,0,0,1,0,0,0.2163
CUST-000335,2023-09-07,enterprise,latin_america,847,partner,5,970.7,194.14,0,0,1,4.46,0,5.0,12,4.6,19,0.135,control,0,pre,0,0,0,1,0,0.0464
CUST-000336,2021-12-16,small_business,europe,1477,direct,1,192.31,192.31,0,0,3,6.6,0,4.85,12,10.0,14,0.19,control,0,post,0,0,1,0,0,0.0608
CUST-000337,2021-03-10,consumer,asia_pacific,1758,paid_search,2,118.85,59.42,0,0,0,0.0,0,4.68,14,26.5,20,0.542,treatment,1,post,1,0,1,1,0,0.1694
CUST-000338,2024-05-22,consumer,asia_pacific,589,paid_search,3,68.4,22.8,0,0,1,9.98,0,4.1,13,16.9,18,0.34,treatment,1,pre,0,0,0,0,0,0.0999
CUST-000339,2024-12-16,consumer,europe,381,organic,4,120.95,30.24,0,0,0,0.0,0,4.35,14,6.0,21,0.044,control,0,pre,0,0,1,0,0,0.0227
CUST-000340,2021-03-29,consumer,europe,1739,organic,4,257.38,64.34,0,0,1,14.22,0,4.43,14,9.3,20,0.388,control,0,pre,0,0,0,0,0,0.1124
CUST-000341,2022-10-25,enterprise,north_america,1164,organic,6,1513.81,252.3,2,0,0,0.0,0,4.65,8,9.5,9,0.303,control,0,post,0,0,1,0,0,0.1236
CUST-000342,2024-07-09,consumer,europe,541,organic,4,187.42,46.86,5,1,0,0.0,0,4.39,16,6.7,25,0.067,control,0,pre,0,0,1,0,0,0.312
CUST-000343,2022-11-18,consumer,north_america,1140,direct,4,145.83,36.46,1,1,1,4.7,0,4.77,13,2.6,19,0.06,control,0,post,0,0,1,0,0,0.2435
CUST-000344,2023-05-30,consumer,north_america,947,paid_search,5,246.6,49.32,1,0,0,0.0,0,4.61,14,6.1,25,0.151,treatment,1,post,1,0,1,0,0,0.0504
CUST-000345,2021-06-22,consumer,europe,1654,referral,6,281.33,46.89,1,0,2,41.24,1,3.41,14,11.4,17,0.237,control,0,pre,0,0,1,0,0,0.1097
CUST-000346,2024-09-10,consumer,north_america,478,partner,2,121.49,60.74,1,0,1,4.67,0,4.14,19,6.0,21,0.139,control,0,pre,0,1,1,1,0,0.0641
CUST-000347,2021-01-18,small_business,north_america,1809,organic,6,402.99,67.17,2,1,3,9.48,1,4.26,15,7.6,20,0.204,treatment,1,pre,0,0,1,0,0,0.3177
CUST-000348,2021-04-28,small_business,asia_pacific,1709,organic,3,459.28,153.09,1,0,1,11.44,0,4.49,15,18.4,18,0.376,control,0,pre,0,0,1,0,0,0.1259
CUST-000349,2025-01-24,enterprise,asia_pacific,342,referral,6,1366.18,227.7,3,0,2,9.78,0,4.77,11,7.6,17,0.06,control,0,pre,0,0,1,0,1,0.268
CUST-000350,2025-02-23,small_business,north_america,312,organic,7,763.61,109.09,6,0,2,19.8,1,4.0,16,8.0,18,0.302,treatment,1,post,1,0,1,0,1,0.3844
CUST-000351,2023-04-27,consumer,north_america,980,direct,5,208.53,41.71,4,0,2,10.64,0,4.3,13,8.7,19,0.303,control,0,pre,0,0,1,0,0,0.1569
CUST-000352,2025-09-27,small_business,north_america,96,organic,6,774.97,129.16,1,1,3,8.09,2,3.44,13,5.6,21,0.157,treatment,1,pre,0,0,1,0,0,0.348
CUST-000353,2024-06-25,enterprise,asia_pacific,555,partner,4,888.28,222.07,3,0,3,20.45,1,4.26,12,14.3,19,0.241,control,0,post,0,0,1,0,0,0.1441
CUST-000354,2023-10-22,small_business,asia_pacific,802,referral,3,249.22,83.07,2,0,2,1.55,1,4.01,8,3.1,15,0.156,control,0,post,0,0,1,0,0,0.1052
CUST-000355,2021-02-27,enterprise,north_america,1769,organic,3,670.53,223.51,1,0,1,14.86,0,4.49,13,5.5,17,0.066,control,0,post,0,0,1,0,0,0.0451
CUST-000356,2021-01-16,small_business,asia_pacific,1811,organic,2,123.76,61.88,1,0,2,18.18,2,3.11,5,9.3,10,0.39,treatment,1,post,1,0,0,0,0,0.1808
CUST-000357,2025-03-18,small_business,north_america,289,direct,4,369.04,92.26,2,0,1,31.5,0,3.16,12,6.2,22,0.0,control,0,pre,0,0,1,0,0,0.0557
CUST-000358,2021-07-18,consumer,north_america,1628,organic,10,507.01,50.7,4,0,2,13.27,0,3.84,11,21.5,16,0.48,treatment,1,post,1,0,1,0,0,0.2199
CUST-000359,2025-07-06,small_business,latin_america,179,paid_search,2,144.67,72.34,1,0,2,2.37,1,4.23,18,8.1,25,0.228,control,0,post,0,0,1,0,0,0.1185
CUST-000360,2022-04-03,consumer,north_america,1369,paid_search,4,553.63,138.41,0,1,0,0.0,0,4.85,8,7.9,18,0.098,treatment,1,post,1,1,1,0,0,0.22
CUST-000361,2021-10-09,consumer,north_america,1545,organic,5,241.11,48.22,4,1,2,2.16,1,4.24,11,3.8,15,0.135,control,0,pre,0,0,1,0,0,0.3331
CUST-000362,2021-07-19,small_business,north_america,1627,referral,4,391.36,97.84,1,0,2,16.79,0,4.58,18,6.3,22,0.105,control,0,pre,0,0,1,0,0,0.0553
CUST-000363,2024-11-08,enterprise,europe,419,referral,3,498.17,166.06,1,0,1,27.86,0,4.04,7,13.9,10,0.365,treatment,1,post,1,1,1,0,0,0.1063
CUST-000364,2021-07-14,enterprise,latin_america,1632,paid_search,4,548.96,137.24,5,0,1,11.92,0,4.03,16,4.7,20,0.118,control,0,pre,0,0,1,0,0,0.1253
CUST-000365,2025-05-22,consumer,latin_america,224,referral,2,165.69,82.84,0,0,1,10.65,1,4.09,19,1.8,22,0.0,control,0,post,0,0,1,0,0,0.0424
CUST-000366,2023-05-23,small_business,north_america,954,organic,2,68.36,34.18,1,0,0,0.0,0,4.66,15,7.1,18,0.118,treatment,1,pre,0,1,1,0,0,0.0586
CUST-000367,2023-08-21,small_business,north_america,864,organic,6,878.42,146.4,5,1,2,16.34,0,3.99,10,8.3,16,0.145,treatment,1,post,1,1,1,0,1,0.4955
CUST-000368,2024-05-25,consumer,asia_pacific,586,partner,5,488.11,97.62,3,0,1,20.74,0,4.25,14,5.8,19,0.103,treatment,1,pre,0,1,1,0,0,0.0881
CUST-000369,2025-11-07,consumer,north_america,55,direct,2,35.36,17.68,1,0,1,51.32,0,3.34,9,18.6,12,0.25,control,0,post,0,0,1,0,0,0.1043
CUST-000370,2022-02-19,consumer,asia_pacific,1412,organic,3,143.84,47.95,3,0,1,8.54,1,3.72,7,29.2,13,0.673,control,0,post,0,0,1,0,0,0.2903
CUST-000371,2024-04-19,small_business,europe,622,organic,4,466.22,116.56,1,0,3,17.61,1,3.65,8,9.3,12,0.34,control,0,post,0,0,1,0,0,0.1365
CUST-000372,2022-09-07,consumer,north_america,1212,paid_search,2,101.56,50.78,0,0,0,0.0,0,5.0,16,6.3,22,0.137,control,0,pre,0,0,1,0,0,0.0469
CUST-000373,2023-12-06,enterprise,asia_pacific,757,referral,4,943.74,235.94,2,0,0,0.0,0,5.0,12,11.4,14,0.172,control,0,post,0,0,1,0,0,0.0894
CUST-000374,2024-02-10,consumer,north_america,691,organic,6,448.61,74.77,1,1,1,18.85,0,4.19,10,18.6,11,0.526,control,0,pre,0,0,1,0,0,0.365
CUST-000375,2021-07-27,enterprise,north_america,1619,paid_search,10,1985.67,198.57,3,0,1,10.3,1,3.91,11,5.0,22,0.01,control,0,pre,0,0,1,0,1,0.2638
CUST-000376,2025-06-30,consumer,europe,185,referral,5,131.48,26.3,2,1,2,20.55,0,3.58,13,13.4,19,0.285,treatment,1,pre,0,0,1,0,0,0.3301
CUST-000377,2022-04-24,small_business,europe,1348,paid_search,5,850.02,170.0,0,0,4,20.86,2,3.78,6,7.1,10,0.338,control,0,pre,0,0,1,1,0,0.1674
CUST-000378,2022-04-06,consumer,europe,1366,organic,2,66.37,33.18,0,0,1,23.37,1,3.93,9,16.3,11,0.482,control,0,post,0,0,1,0,0,0.1569
CUST-000379,2024-01-30,consumer,europe,702,organic,5,631.98,126.4,1,0,2,4.97,0,4.74,14,3.8,17,0.095,control,0,pre,0,0,1,0,0,0.0526
CUST-000380,2024-08-29,small_business,latin_america,490,paid_search,9,904.77,100.53,3,1,0,0.0,0,3.8,20,20.1,24,0.384,control,0,post,0,1,1,1,0,0.3949
CUST-000381,2025-12-08,enterprise,latin_america,24,paid_search,7,1471.08,210.15,2,0,1,33.37,1,3.33,13,9.5,17,0.199,treatment,1,post,1,0,1,0,1,0.2908
CUST-000382,2021-04-27,small_business,europe,1710,referral,2,353.59,176.8,2,0,2,12.21,2,3.35,9,11.4,13,0.155,control,0,post,0,0,1,1,0,0.153
CUST-000383,2021-04-07,consumer,north_america,1730,partner,2,33.9,16.95,4,0,0,0.0,0,4.84,9,3.3,13,0.036,control,0,pre,0,0,1,1,0,0.0873
CUST-000384,2024-10-07,consumer,europe,451,partner,3,253.81,84.6,0,0,1,11.56,0,4.15,11,3.3,13,0.032,treatment,1,post,1,0,1,0,0,0.0079
CUST-000385,2025-10-21,consumer,latin_america,72,direct,4,151.55,37.89,1,1,3,36.26,0,3.61,11,10.2,16,0.246,control,0,post,0,0,1,0,0,0.3032
CUST-000386,2025-05-09,consumer,north_america,237,paid_search,3,168.92,56.31,2,1,1,13.8,1,4.02,13,11.6,17,0.212,control,0,pre,0,1,1,0,0,0.331
CUST-000387,2025-08-17,small_business,europe,137,paid_search,4,535.92,133.98,1,0,1,5.99,0,4.18,8,6.7,11,0.195,treatment,1,pre,0,0,1,0,0,0.0899
CUST-000388,2021-11-04,small_business,north_america,1519,direct,4,725.67,181.42,3,0,2,46.84,1,2.78,16,12.4,21,0.317,treatment,1,pre,0,0,1,0,1,0.3439
CUST-000389,2021-07-17,small_business,north_america,1629,organic,2,331.72,165.86,4,0,1,22.72,0,4.1,11,3.3,18,0.0,treatment,1,pre,0,0,1,0,0,0.0779
CUST-000390,2025-03-15,small_business,europe,292,partner,4,563.85,140.96,3,0,0,0.0,0,5.0,16,2.5,22,0.0,treatment,1,pre,0,0,1,0,0,0.0724
CUST-000391,2022-04-06,small_business,north_america,1366,referral,4,306.13,76.53,1,0,2,38.31,1,3.48,13,8.8,17,0.0,treatment,1,pre,0,0,0,0,0,0.0479
CUST-000392,2025-01-27,small_business,asia_pacific,339,organic,3,955.6,318.53,2,1,1,20.71,1,4.01,16,3.2,18,0.15,control,0,post,0,0,1,0,0,0.3149
CUST-000393,2024-02-22,consumer,asia_pacific,679,paid_search,3,196.85,65.62,1,0,2,9.9,2,3.47,9,1.9,15,0.073,control,0,post,0,0,1,1,0,0.1149
CUST-000394,2022-12-29,consumer,asia_pacific,1099,organic,6,135.56,22.59,2,1,3,38.63,1,3.71,9,4.1,18,0.195,control,0,pre,0,1,1,1,0,0.3154
CUST-000395,2022-05-24,small_business,north_america,1318,organic,6,639.11,106.52,4,0,1,23.3,1,2.96,13,11.3,19,0.18,treatment,1,post,1,0,0,0,0,0.128
CUST-000396,2021-08-18,small_business,north_america,1597,paid_search,4,574.04,143.51,3,1,0,0.0,0,5.0,8,9.4,11,0.338,treatment,1,pre,0,0,1,0,0,0.3494
CUST-000397,2025-09-27,consumer,europe,96,organic,2,66.88,33.44,0,0,2,13.13,0,5.0,5,18.8,14,0.553,control,0,pre,0,0,1,0,0,0.1666
CUST-000398,2024-12-27,consumer,asia_pacific,370,referral,5,249.09,49.82,3,1,4,5.78,1,4.17,17,9.8,21,0.196,treatment,1,pre,0,1,1,0,0,0.3323
CUST-000399,2024-07-28,small_business,europe,522,direct,3,745.96,248.65,0,0,1,0.85,0,4.87,12,3.4,17,0.078,treatment,1,pre,0,1,1,0,0,0.0315
CUST-000400,2024-06-04,consumer,asia_pacific,576,referral,3,176.55,58.85,1,0,1,21.71,0,4.04,5,11.9,9,0.475,control,0,post,0,0,1,0,0,0.1517
CUST-000401,2021-01-06,consumer,north_america,1821,organic,3,149.36,49.79,0,0,1,4.72,0,4.41,6,4.9,12,0.417,treatment,1,pre,0,0,1,0,0,0.12
CUST-000402,2022-02-09,small_business,asia_pacific,1422,organic,4,458.25,114.56,1,0,2,5.78,0,4.24,22,6.6,26,0.0,treatment,1,post,1,0,1,0,0,0.0195
CUST-000403,2024-05-17,small_business,north_america,594,organic,1,222.5,222.5,0,0,0,0.0,0,4.58,16,5.0,18,0.078,control,0,post,0,0,1,0,0,0.0315
CUST-000404,2021-02-22,consumer,north_america,1774,organic,2,36.67,18.34,0,0,0,0.0,0,4.79,10,3.0,14,0.066,control,0,pre,0,1,0,0,0,0.0284
CUST-000405,2023-06-28,small_business,europe,918,direct,7,802.36,114.62,5,1,1,6.5,0,4.58,8,39.0,12,0.754,control,0,post,0,0,0,0,0,0.5248
CUST-000406,2023-06-25,consumer,north_america,921,paid_search,3,239.04,79.68,0,1,1,21.69,0,4.75,16,4.3,21,0.041,control,0,post,0,0,1,0,0,0.2219
CUST-000407,2023-10-25,small_business,north_america,799,organic,10,1159.65,115.96,4,0,2,2.55,0,4.57,11,1.6,16,0.0,treatment,1,post,1,0,1,0,0,0.0695
CUST-000408,2025-04-01,consumer,north_america,275,referral,6,267.17,44.53,2,0,3,21.39,1,3.09,7,12.8,13,0.486,treatment,1,pre,0,0,0,0,0,0.2025
CUST-000409,2021-05-01,consumer,north_america,1706,paid_search,2,35.49,17.74,2,0,0,0.0,0,5.0,12,1.2,18,0.015,treatment,1,post,1,0,1,0,0,0.0385
CUST-000410,2025-11-22,consumer,asia_pacific,40,organic,5,304.1,60.82,3,0,2,6.21,0,4.02,10,7.2,17,0.315,treatment,1,pre,0,0,0,0,0,0.1546
CUST-000411,2025-02-05,consumer,north_america,330,organic,5,315.49,63.1,2,0,0,0.0,0,4.4,15,14.1,18,0.277,treatment,1,pre,0,1,1,0,0,0.128
CUST-000412,2024-10-28,small_business,europe,430,partner,2,170.37,85.18,3,0,0,0.0,0,4.7,12,2.7,16,0.022,control,0,post,0,1,1,0,0,0.0669
CUST-000413,2024-07-30,consumer,asia_pacific,520,referral,3,63.75,21.25,2,0,1,4.37,0,4.64,14,8.1,19,0.179,treatment,1,pre,0,0,1,0,0,0.0912
CUST-000414,2025-04-23,consumer,north_america,253,organic,3,167.95,55.98,1,0,2,3.76,1,3.55,16,6.4,23,0.115,treatment,1,pre,0,0,1,1,0,0.0891
CUST-000415,2025-11-15,consumer,north_america,47,direct,6,416.8,69.47,4,0,0,0.0,0,4.34,12,4.3,20,0.179,control,0,pre,0,0,1,1,0,0.1357
CUST-000416,2022-08-09,small_business,asia_pacific,1241,referral,4,276.37,69.09,2,0,0,0.0,0,4.08,16,18.8,22,0.22,control,0,post,0,0,1,0,0,0.1019
CUST-000417,2021-02-27,small_business,asia_pacific,1769,referral,2,53.89,26.94,0,0,1,2.49,0,4.76,23,6.4,26,0.0,treatment,1,pre,0,0,1,0,0,0.0112
CUST-000418,2025-05-11,enterprise,europe,235,organic,2,2160.54,1080.27,1,0,3,20.19,2,3.61,12,12.6,17,0.239,treatment,1,pre,0,1,1,0,1,0.3494
CUST-000419,2024-06-29,consumer,asia_pacific,551,organic,5,149.2,29.84,4,0,2,15.77,2,2.88,13,14.9,23,0.315,treatment,1,post,1,0,1,0,0,0.2112
CUST-000420,2023-06-15,consumer,north_america,931,referral,5,396.93,79.39,3,0,1,8.03,0,4.75,9,6.9,15,0.189,control,0,pre,0,0,1,0,0,0.1105
CUST-000421,2021-05-14,consumer,north_america,1693,organic,3,67.62,22.54,1,1,2,5.44,0,4.79,18,3.5,21,0.112,treatment,1,pre,0,0,1,0,0,0.2571
CUST-000422,2022-07-10,consumer,europe,1271,partner,1,17.8,17.8,1,0,0,0.0,0,4.37,14,15.1,18,0.294,control,0,post,0,0,1,0,0,0.1045
CUST-000423,2022-03-02,enterprise,north_america,1401,referral,9,2052.86,228.1,1,1,2,8.22,0,3.7,11,7.2,16,0.001,treatment,1,post,1,0,1,0,1,0.3996
CUST-000424,2023-01-31,small_business,asia_pacific,1066,organic,2,200.33,100.16,0,0,0,0.0,0,4.23,7,7.8,19,0.302,treatment,1,post,1,0,1,0,0,0.0732
CUST-000425,2023-11-24,consumer,europe,769,referral,5,334.27,66.85,3,0,0,0.0,0,4.39,19,6.1,22,0.206,treatment,1,pre,0,0,1,0,0,0.1149
CUST-000426,2024-12-21,consumer,asia_pacific,376,direct,6,243.83,40.64,5,0,2,9.48,1,4.45,17,14.8,23,0.26,treatment,1,pre,0,0,1,1,0,0.1823
CUST-000427,2021-09-05,enterprise,europe,1579,partner,1,106.65,106.65,0,0,1,9.39,0,4.32,18,3.1,23,0.0,control,0,post,0,0,1,0,0,0.0112
CUST-000428,2021-12-23,consumer,north_america,1470,paid_search,8,466.46,58.31,5,1,1,20.85,1,3.28,12,7.8,16,0.104,treatment,1,pre,0,0,1,0,0,0.3417
CUST-000429,2025-11-02,consumer,north_america,60,referral,8,525.05,65.63,4,1,2,6.18,2,3.6,9,3.6,17,0.154,treatment,1,post,1,0,1,0,0,0.3804
CUST-000430,2022-06-02,consumer,north_america,1309,paid_search,5,400.06,80.01,5,0,1,2.72,0,4.08,16,6.0,21,0.244,control,0,post,0,0,1,0,0,0.1582
CUST-000431,2025-07-18,consumer,asia_pacific,167,referral,7,670.3,95.76,6,0,0,0.0,0,4.78,17,16.1,19,0.112,control,0,post,0,0,1,0,0,0.1516
CUST-000432,2022-04-20,consumer,north_america,1352,referral,4,161.75,40.44,2,0,2,9.49,1,3.57,17,16.0,21,0.295,treatment,1,pre,0,0,1,0,0,0.1415
CUST-000433,2021-11-14,consumer,north_america,1509,referral,4,240.16,60.04,1,0,1,43.7,0,3.22,12,6.8,15,0.038,control,0,post,0,0,1,0,0,0.0378
CUST-000434,2025-04-24,consumer,north_america,252,organic,4,264.08,66.02,0,0,2,8.41,1,4.07,15,9.8,20,0.204,control,0,pre,0,0,1,0,0,0.0956
CUST-000435,2023-10-24,small_business,north_america,800,organic,7,998.12,142.59,4,0,2,12.59,0,4.9,15,9.7,21,0.208,treatment,1,post,1,1,1,0,1,0.2953
CUST-000436,2025-05-08,consumer,asia_pacific,238,organic,4,155.07,38.77,3,0,1,5.74,1,4.78,12,3.6,18,0.041,control,0,pre,0,0,1,0,0,0.1031
CUST-000437,2023-02-25,consumer,north_america,1041,paid_search,3,165.52,55.17,2,0,0,0.0,0,4.24,11,11.5,14,0.243,control,0,post,0,0,1,0,0,0.1079
CUST-000438,2021-05-14,enterprise,latin_america,1693,paid_search,6,1111.4,185.23,5,0,2,9.58,0,4.15,9,3.9,12,0.206,treatment,1,pre,0,1,1,0,1,0.3283
CUST-000439,2025-07-24,small_business,north_america,161,partner,4,385.18,96.3,2,0,0,0.0,0,4.78,10,5.8,14,0.083,control,0,pre,0,0,1,1,0,0.0774
CUST-000440,2023-12-29,consumer,europe,734,paid_search,4,108.74,27.18,0,0,0,0.0,0,5.0,12,1.7,18,0.0,treatment,1,pre,0,1,1,0,0,0.0112
CUST-000441,2021-02-20,consumer,north_america,1776,referral,2,86.92,43.46,1,0,0,0.0,0,3.84,10,12.9,16,0.329,control,0,pre,0,0,1,0,0,0.1137
CUST-000442,2024-06-21,small_business,north_america,559,direct,6,625.98,104.33,2,0,1,14.95,1,3.81,16,14.8,20,0.313,treatment,1,post,1,1,1,0,0,0.1294
CUST-000443,2025-04-22,consumer,asia_pacific,254,organic,9,323.71,35.97,4,0,3,6.97,1,3.81,13,10.1,16,0.213,control,0,post,0,0,1,0,0,0.1646
CUST-000444,2023-07-17,consumer,latin_america,899,partner,9,391.92,43.55,3,0,4,14.37,1,3.12,11,8.1,15,0.08,treatment,1,post,1,0,0,0,0,0.0856
CUST-000445,2023-06-11,enterprise,asia_pacific,935,partner,3,902.53,300.84,1,0,0,0.0,0,4.13,14,5.6,24,0.171,treatment,1,post,1,0,1,0,0,0.0557
CUST-000446,2022-09-05,consumer,north_america,1214,paid_search,8,411.26,51.41,1,0,3,3.39,2,3.42,22,13.1,26,0.382,treatment,1,pre,0,0,0,0,0,0.1955
CUST-000447,2024-05-29,small_business,north_america,582,organic,6,904.03,150.67,3,1,0,0.0,0,4.62,14,21.7,21,0.353,treatment,1,pre,0,1,1,0,0,0.3869
CUST-000448,2021-03-24,consumer,europe,1744,referral,4,155.63,38.91,4,1,2,4.14,1,4.4,14,4.3,14,0.08,control,0,pre,0,1,1,0,0,0.3187
CUST-000449,2023-05-19,small_business,north_america,958,direct,2,134.85,67.42,0,0,2,4.47,1,4.16,10,6.9,14,0.029,control,0,post,0,1,1,0,0,0.0388
CUST-000450,2024-07-17,consumer,europe,533,partner,5,331.71,66.34,1,0,0,0.0,0,4.93,11,3.4,15,0.0,treatment,1,post,1,0,0,0,0,0.0195
CUST-000451,2021-03-15,consumer,europe,1753,direct,4,133.87,33.47,3,0,2,9.8,0,4.36,9,8.1,14,0.1,treatment,1,pre,0,0,1,0,0,0.0873
CUST-000452,2021-05-19,consumer,europe,1688,direct,5,87.59,17.52,1,0,0,0.0,0,4.35,13,6.0,15,0.11,treatment,1,pre,0,1,1,0,0,0.0566
CUST-000453,2023-06-28,consumer,asia_pacific,918,paid_search,4,110.23,27.56,3,1,0,0.0,0,4.54,13,7.2,22,0.093,control,0,pre,0,0,1,0,0,0.2855
CUST-000454,2025-11-03,small_business,europe,59,partner,3,536.91,178.97,1,0,1,15.91,0,4.45,19,13.2,22,0.25,treatment,1,post,1,0,1,0,0,0.0875
CUST-000455,2023-01-02,consumer,north_america,1095,paid_search,5,351.37,70.27,4,0,0,0.0,0,4.96,15,15.7,19,0.191,control,0,pre,0,0,1,0,0,0.1277
CUST-000456,2023-03-19,consumer,north_america,1019,direct,5,267.07,53.41,2,0,1,25.48,0,3.91,6,3.0,11,0.236,treatment,1,pre,0,0,1,0,0,0.1061
CUST-000457,2025-03-24,small_business,europe,283,organic,11,1465.42,133.22,3,0,4,10.26,3,2.67,15,9.6,18,0.084,treatment,1,pre,0,0,1,1,1,0.3623
CUST-000458,2022-10-27,small_business,europe,1162,paid_search,4,732.57,183.14,2,1,1,18.97,0,4.24,12,18.9,16,0.329,control,0,pre,0,0,1,0,0,0.3303
CUST-000459,2021-10-18,consumer,north_america,1536,referral,4,109.47,27.37,0,0,0,0.0,0,4.77,10,11.1,16,0.054,treatment,1,post,1,0,0,0,0,0.0114
CUST-000460,2025-06-09,consumer,north_america,206,organic,4,93.08,23.27,0,0,1,14.61,0,4.67,10,3.6,13,0.073,control,0,post,0,0,1,0,0,0.0414
CUST-000461,2022-05-18,enterprise,asia_pacific,1324,referral,5,854.58,170.92,1,1,0,0.0,0,4.36,10,15.3,14,0.232,treatment,1,pre,0,0,1,0,0,0.2884
CUST-000462,2025-04-07,small_business,asia_pacific,269,paid_search,6,630.39,105.06,3,1,1,18.62,1,3.45,8,11.6,13,0.308,treatment,1,pre,0,0,0,0,0,0.3727
CUST-000463,2022-04-02,small_business,europe,1370,direct,4,551.56,137.89,1,0,0,0.0,0,4.86,9,10.8,18,0.099,control,0,pre,0,0,1,0,0,0.0537
CUST-000464,2023-11-20,enterprise,north_america,773,referral,3,378.23,126.08,1,0,0,0.0,0,4.46,10,6.7,15,0.165,control,0,post,0,0,1,0,0,0.0709
CUST-000465,2025-12-06,small_business,north_america,26,organic,5,604.19,120.84,2,0,0,0.0,0,4.44,10,10.4,12,0.15,treatment,1,post,1,0,1,0,0,0.0781
CUST-000466,2021-03-05,consumer,europe,1763,referral,4,272.01,68.0,1,0,1,3.51,0,4.95,11,37.6,16,0.644,treatment,1,post,1,0,1,0,0,0.2126
CUST-000467,2025-02-20,consumer,north_america,315,paid_search,5,231.22,46.24,1,1,0,0.0,0,4.12,12,1.4,17,0.0,control,0,post,0,0,1,0,0,0.2391
CUST-000468,2023-01-04,consumer,europe,1093,partner,7,166.94,23.85,2,1,3,7.74,2,4.23,11,5.7,15,0.0,control,0,post,0,1,1,0,0,0.3125
CUST-000469,2025-01-23,small_business,europe,343,partner,2,238.8,119.4,0,0,3,16.11,0,3.98,15,6.2,17,0.072,control,0,pre,0,0,1,0,0,0.0412
CUST-000470,2021-05-04,enterprise,north_america,1703,referral,4,1136.8,284.2,0,0,0,0.0,0,4.9,12,0.6,16,0.12,treatment,1,pre,0,0,1,0,0,0.0425
CUST-000471,2022-04-21,consumer,north_america,1351,organic,7,530.07,75.72,2,0,0,0.0,0,4.56,12,27.0,22,0.492,control,0,pre,0,1,0,0,0,0.2064
CUST-000472,2021-12-23,consumer,north_america,1470,organic,3,45.6,15.2,1,0,1,22.82,0,4.12,12,3.4,13,0.067,treatment,1,post,1,1,1,0,0,0.0302
CUST-000473,2023-10-27,consumer,asia_pacific,797,partner,1,30.22,30.22,1,1,1,14.02,0,4.16,13,3.2,15,0.0,treatment,1,pre,0,1,0,0,0,0.2279
CUST-000474,2023-08-25,enterprise,europe,860,partner,4,1356.94,339.24,3,1,1,6.28,0,4.74,13,2.1,21,0.0,treatment,1,post,1,0,1,0,1,0.4328
CUST-000475,2022-10-26,consumer,north_america,1163,paid_search,6,304.2,50.7,4,1,1,7.25,1,3.85,15,5.7,23,0.117,treatment,1,post,1,1,1,0,0,0.3116
CUST-000476,2022-01-27,consumer,asia_pacific,1435,organic,4,209.79,52.45,2,0,2,30.47,0,3.64,16,10.8,16,0.236,control,0,post,0,1,0,0,0,0.1061
CUST-000477,2021-10-06,consumer,europe,1548,paid_search,2,84.66,42.33,0,0,4,4.14,0,5.0,7,7.7,16,0.295,treatment,1,post,1,0,1,1,0,0.0713
CUST-000478,2025-11-15,consumer,europe,47,referral,1,17.96,17.96,2,0,4,31.58,1,3.37,13,3.8,17,0.2,treatment,1,post,1,0,1,0,0,0.1111
CUST-000479,2022-09-03,consumer,latin_america,1216,organic,6,297.3,49.55,1,0,0,0.0,0,4.36,19,10.4,24,0.119,treatment,1,post,1,0,1,0,0,0.0421
CUST-000480,2025-06-03,consumer,north_america,212,paid_search,1,82.7,82.7,0,0,3,10.13,1,3.38,6,7.8,10,0.344,treatment,1,post,1,0,1,0,0,0.1153
CUST-000481,2024-07-14,consumer,north_america,536,direct,2,170.07,85.04,0,1,1,15.11,0,4.88,15,17.5,17,0.155,control,0,pre,0,0,1,0,0,0.2516
CUST-000482,2021-11-07,consumer,europe,1516,organic,4,226.81,56.7,3,0,1,2.65,0,4.34,14,4.8,16,0.096,treatment,1,post,1,1,1,0,0,0.0694
CUST-000483,2024-09-20,consumer,north_america,468,referral,7,354.9,50.7,0,0,2,13.98,1,4.52,11,4.4,18,0.191,control,0,post,0,0,1,0,0,0.081
CUST-000484,2022-01-05,consumer,europe,1457,organic,4,236.32,59.08,5,0,2,19.97,1,3.79,12,13.6,14,0.144,treatment,1,post,1,1,1,0,0,0.1353
CUST-000485,2023-09-01,consumer,north_america,853,referral,5,307.66,61.53,1,0,3,8.05,1,4.0,7,3.3,10,0.272,control,0,post,0,1,1,0,0,0.1188
CUST-000486,2024-10-22,small_business,north_america,436,referral,1,209.88,209.88,0,0,0,0.0,0,4.66,8,2.0,12,0.249,control,0,pre,0,0,1,0,0,0.0761
CUST-000487,2024-04-22,consumer,north_america,619,referral,4,349.36,87.34,0,0,1,44.35,0,4.27,13,7.6,16,0.071,treatment,1,post,1,1,1,0,0,0.0142
CUST-000488,2023-05-02,consumer,north_america,975,organic,6,151.45,25.24,1,0,2,21.53,0,3.29,10,11.1,18,0.222,treatment,1,pre,0,1,0,0,0,0.0858
CUST-000489,2022-03-04,consumer,north_america,1399,paid_search,4,176.68,44.17,1,0,2,5.26,1,4.09,12,1.9,16,0.158,treatment,1,post,1,0,1,0,0,0.0723
CUST-000490,2022-12-17,consumer,north_america,1111,referral,5,240.68,48.14,2,1,0,0.0,0,4.51,12,14.6,23,0.262,control,0,post,0,0,1,0,0,0.3129
CUST-000491,2021-05-03,consumer,asia_pacific,1704,organic,2,84.54,42.27,1,0,1,9.36,0,4.29,18,1.7,21,0.092,control,0,post,0,1,1,0,0,0.0519
CUST-000492,2021-08-30,consumer,north_america,1585,organic,2,135.64,67.82,0,0,0,0.0,0,4.65,17,5.0,19,0.0,control,0,pre,0,0,1,0,0,0.0112
CUST-000493,2022-03-25,small_business,north_america,1378,organic,8,726.44,90.8,2,0,1,5.24,0,4.38,13,7.7,15,0.177,treatment,1,post,1,0,1,0,0,0.0739
CUST-000494,2022-12-22,consumer,north_america,1106,direct,3,93.29,31.1,1,0,2,18.65,0,4.2,9,18.6,15,0.401,control,0,pre,0,0,1,0,0,0.1324
CUST-000495,2024-07-11,consumer,north_america,539,partner,2,33.57,16.78,2,0,1,18.74,0,4.12,19,19.3,25,0.215,control,0,pre,0,1,1,0,0,0.1006
CUST-000496,2023-12-02,consumer,north_america,761,partner,2,197.28,98.64,0,0,3,12.03,0,3.84,17,8.8,22,0.07,control,0,pre,0,0,1,0,0,0.0295
CUST-000497,2025-05-16,consumer,europe,230,referral,1,23.97,23.97,1,0,1,23.03,0,4.16,9,5.6,10,0.192,treatment,1,post,1,0,1,0,0,0.0723
CUST-000498,2024-02-09,consumer,north_america,692,paid_search,7,310.76,44.39,4,0,0,0.0,0,4.85,9,5.9,15,0.124,treatment,1,pre,0,0,1,0,0,0.1102
CUST-000499,2021-05-16,small_business,asia_pacific,1691,paid_search,3,126.17,42.06,0,0,0,0.0,0,4.41,12,25.3,17,0.511,control,0,pre,0,0,0,1,0,0.1781
CUST-000500,2023-11-08,small_business,asia_pacific,785,paid_search,4,563.28,140.82,2,0,0,0.0,0,5.0,13,16.5,19,0.301,treatment,1,post,1,0,1,0,0,0.1062
